_company_idx,ticker,original_rank,bootstrap_mean_rank,bootstrap_std_rank,ci_lower_5,ci_upper_95,ci_width,rank_stable_legacy,rank_stable_relaxed,n_bootstrap_appearances,consensus_rank,rank_std,ci_lower,ci_upper,bayesian_mean_rank,bayesian_rank_std,rank_stable_strict,rank_stable_moderate
28,INCY,1.0,1.3121069182389937,0.4321890614012637,1.0,2.5,248.125,True,True,636,57.32976772616137,76.53240456725376,1.0,249.125,92.957,79.48094835241965,False,False
121,CTRA,2.0,2.318396226415094,1.1185786439170333,1.0,5.0,247.125,True,True,636,60.16167481662592,76.65254971864005,1.0,248.125,96.95,78.29667617466274,False,False
82,DECK,3.0,3.3376327769347496,1.4902957244047528,1.0,7.0,255.0999999999999,True,True,659,60.170283303194694,79.10728420369959,1.0,256.0999999999999,97.623,82.76021309179914,False,False
239,NAVINFLUOR.NS,4.0,4.368088467614534,1.8110750157165298,1.0,8.599999999999966,253.6,True,True,633,62.20759338640539,77.28268477148076,1.4000000000000021,255.0,98.82,79.32899595986325,False,False
174,STAG,5.0,6.22755905511811,2.2709627902156364,2.0,11.0,250.14999999999986,True,True,635,61.24923547400611,75.61440968502556,2.0,252.14999999999986,96.188,78.75147399255458,False,False
62,GGG,6.0,5.2673667205169625,2.0902500054360176,2.0,9.5,249.54999999999995,True,True,619,64.24613959234095,78.3270990340892,2.0,251.54999999999995,100.754,80.27493683585182,False,False
265,MUTHOOTFIN.NS,7.0,9.277526395173455,2.8409139500034866,4.0,15.0,248.45000000000005,True,True,663,63.90739627179796,77.29937949537712,3.0,251.45000000000005,100.127,81.49150183301323,False,False
140,STLD,8.0,7.298461538461538,2.5197980570912244,3.0,12.5,251.0,True,True,650,65.99272727272728,78.08922989692827,3.0,254.0,104.144,79.76636674689402,False,False
159,ATO,9.0,8.27751572327044,2.647464811663804,4.0,14.0,252.125,True,True,636,65.3450488997555,77.25889607782308,3.0,255.125,101.64,79.82566254031344,False,False
84,GRMN,10.0,11.248012718600954,3.1978505340297003,5.0,18.0,258.0,True,True,629,66.08717004297115,76.52543088839374,3.0,261.0,100.581,80.32300690960219,False,False
173,NNN,11.0,13.255284552845529,3.4708824409693966,7.0,20.0,251.0,True,True,615,69.43405572755418,77.41998656731724,3.0,254.0,103.984,80.85786136177484,False,False
141,RS,12.0,10.446880269814503,3.0141814133769906,5.0,16.5,248.20000000000005,True,True,593,70.23854362837413,77.68942124185683,3.0,251.20000000000005,105.695,78.94451200051844,False,False
201,TORNTPHARM.NS,13.0,19.234548335974644,4.127194579506636,11.375,27.0,259.25,True,True,631,73.54506437768241,77.14511888069947,3.75,263.0,107.815,81.61059229658855,False,False
65,WTS,14.0,16.1484375,3.820973869132547,9.0,24.5,252.02499999999986,True,True,640,70.66829268292683,75.72247367219515,5.0,257.02499999999986,105.561,79.21107421945494,False,False
104,IBKR,15.0,18.335173501577287,3.9334017415105245,10.912500000000001,26.0,249.34999999999997,True,True,634,73.77141982864137,76.70263550447875,4.825000000000003,254.17499999999995,108.918,80.1237622431698,False,False
249,SCHAEFFLER.NS,16.0,15.281701444622794,3.558570103585532,9.0,23.0,253.45000000000005,True,True,623,73.3170055452865,78.33818753976881,6.0,259.45000000000005,109.473,80.91151507047684,False,False
180,MTCH,17.0,23.235759493670887,4.370204756420777,15.0,32.5,253.0,True,True,632,74.68933823529412,74.31062255204078,4.0,257.0,107.208,79.17878968511707,False,False
237,PIDILITIND.NS,18.0,20.154255319148938,4.286490598274752,12.2125,28.5,248.0,True,True,658,74.18425814234017,75.68213103012006,6.0,254.0,109.736,79.37121836030992,False,False
50,GMED,19.0,12.280952380952382,3.2311164291440826,6.0,19.0,248.0,True,True,630,68.7239263803681,75.89487307332865,4.0,252.0,104.283,78.17139445474925,False,False
99,EWBC,20.0,17.12788906009245,3.913034834346735,9.5,24.899999999999977,250.0,True,True,649,70.44572468162522,75.61952892511886,5.0,255.0,105.049,79.85738913212728,False,False
79,WSM,21.0,28.510108864696733,4.826730955256521,19.5,38.0,254.0,True,True,643,77.29336579427876,72.97770650545829,4.0,258.0,108.661,78.87379843141827,False,False
136,CBT,22.0,22.309335443037973,4.297348851710873,14.0,30.5,251.2249999999999,True,True,632,73.93167892156863,75.33375547095534,4.0,255.2249999999999,106.557,80.63254151395701,False,False
75,FIVE,23.0,14.224648985959439,3.5356774304777536,7.5,21.5,255.0,True,True,641,72.2480195003047,79.20161314467461,4.0,259.0,109.441,82.1244696725647,False,False
66,ALLE,24.0,37.367283950617285,5.50064339948164,27.0,49.0,252.0,False,True,648,78.54308252427184,69.9864365376314,4.0,256.0,105.225,79.00563508383436,False,False
142,RPM,25.0,25.407232704402517,4.664705348666067,16.4375,34.125,249.125,True,True,636,74.94682151589242,74.0591759092147,4.0,253.125,106.454,80.03546641333453,False,False
85,LULU,26.0,27.325434439178515,4.72305034803712,19.0,36.5,248.20000000000005,True,True,633,76.04776484996938,72.98320728234978,5.0,253.20000000000005,106.889,78.93221572336608,False,False
35,VEEV,27.0,24.384908536585368,4.328024917529518,16.5,32.5,250.625,True,True,656,74.60960144927536,74.67087550143185,5.375,256.0,107.557,80.50361949005772,False,False
225,MARICO.NS,28.0,34.31761006289308,5.298828452351133,25.0,46.0,251.125,False,True,636,80.55195599022005,71.49584119310748,4.875,256.0,109.957,78.23446268109726,False,False
14,CDNS,29.0,21.22239263803681,4.17490550708332,14.0,29.86250000000001,254.725,True,True,652,74.5314769975787,76.4467913169748,4.275000000000006,259.0,109.289,81.13033636686094,False,False
119,RRC,30.0,31.41799363057325,5.0929304492079,22.0,41.5,258.0,False,True,628,78.24600737100737,73.91947783879858,4.0,262.0,107.654,81.46962798491226,False,False
64,ITT,31.0,35.307941653160455,5.458030689241255,25.2,47.0,255.0,False,True,617,81.57761286332715,74.08319676575653,4.0,259.0,110.126,81.97742447771826,False,False
39,HOLX,32.0,32.33469721767594,5.213024168401289,23.0,43.0,251.0,False,True,611,80.88795779019243,75.13997088315244,5.0,256.0,110.554,82.21112506224446,False,False
83,YETI,33.0,29.6616,4.974845267945527,20.0,39.0,252.0,True,True,625,78.83661538461538,74.06757567928031,4.0,256.0,109.571,80.27032427366916,False,False
26,ILMN,34.0,26.38388625592417,4.587780948142199,18.0,35.0,256.0,True,True,633,77.1310471524801,75.67731904086804,4.0,260.0,109.254,81.71246835091937,False,False
268,CANFINHOME.NS,35.0,39.3213141025641,5.786509859151502,28.2875,51.71249999999998,256.0,False,True,624,84.38516009852216,73.92633520719451,6.0,262.0,112.505,82.44100906102496,False,False
227,EMAMILTD.NS,36.0,44.23757763975155,6.146396032984096,34.0,57.0,251.92499999999995,False,True,644,83.83333333333333,69.7668293859113,5.0,256.92499999999995,109.333,79.4844771700739,False,False
3,FTNT,37.0,33.452922077922075,5.317536343097423,23.1875,44.0,258.0,False,True,616,82.52846534653466,75.28095967918512,5.0,263.0,112.759,82.11789645990696,False,False
96,WBS,38.0,30.483771251931994,5.254949767647904,21.0,40.0,254.8499999999999,False,True,647,79.618700667881,74.05001486761502,5.0,259.8499999999999,111.409,80.25374582535073,False,False
272,OBEROIRLTY.NS,39.0,43.329268292682926,5.893216186903381,32.1875,56.0,247.625,False,True,656,84.78985507246377,69.91611981599038,7.0,254.625,111.988,78.77050117905814,False,False
71,MWA,40.0,36.42215088282504,5.539508516397244,26.0,48.44999999999993,252.45000000000005,False,True,623,84.36783733826248,73.4551006963099,5.0,257.45000000000005,114.238,80.08528801221858,False,False
177,LAMR,41.0,45.423136645962735,6.165099786608763,34.0,58.0,253.925,False,True,644,87.44069343065694,70.38105990560548,6.075000000000003,260.0,114.5,79.056271098503,False,False
34,DXCM,42.0,41.38180404354588,6.101846482293935,30.025,53.5,252.95000000000005,False,True,643,85.95709068776628,71.74540868242093,5.0,257.95000000000005,114.619,79.5872215811056,False,False
4,QLYS,43.0,48.327777777777776,6.371198074381162,37.0,61.5,251.27499999999986,False,True,630,88.88128834355828,70.73962790842471,7.0,258.27499999999986,114.43,80.26378448590621,False,False
90,WING,44.0,60.27427184466019,7.006153204306696,47.7125,74.5,254.0,False,True,618,93.70859085290482,68.04846011281268,5.0,259.0,114.371,79.65045736842947,False,False
117,OVV,45.0,49.01517571884984,6.365166516080282,37.5,61.0,253.0,False,True,626,89.00030750307504,70.9142620668162,6.0,259.0,114.031,80.77207462359749,False,False
247,CUMMINSIND.NS,46.0,55.299687010954614,6.670698304111735,42.0,68.52499999999998,251.04999999999995,False,True,639,92.96369737644905,68.61680826033228,6.0,257.04999999999995,117.031,78.75727292764776,False,False
212,PERSISTENT.NS,47.0,38.29407051282051,5.666660265017703,28.0,50.5,254.425,False,True,624,87.26262315270937,74.6480462809471,5.575000000000003,260.0,117.819,81.23690195348416,False,False
164,CMS,48.0,47.384488448844884,6.365116643615439,35.0625,60.0,254.0,False,True,606,86.56164383561644,70.68928511045587,6.0,260.0,110.303,80.66485722419645,False,False
252,AIAENG.NS,49.0,64.55756578947368,7.142060046387041,50.175,79.5,254.825,False,True,608,96.74440298507463,67.55970940098148,6.175000000000004,261.0,116.314,79.34451086244088,False,False
92,TROW,50.0,46.20709570957096,6.085984478837278,34.5,58.0,252.0,False,True,606,89.80728518057285,71.16669215795037,6.0,258.0,116.229,79.12875936724903,False,False
166,WEC,51.0,62.27646129541864,6.9766162433824395,49.0,76.0,251.0,False,True,633,93.61298224127373,67.14663421719047,5.0,256.0,113.449,79.47823223373807,False,False
72,ZWS,52.0,52.20514950166113,6.717101944474754,40.0,66.0,253.0,False,True,602,92.43289637952559,70.19875935838311,7.0,260.0,116.65,79.41417694593328,False,False
78,BOOT,53.0,53.36166924265842,6.573431300952571,41.5,67.0,249.0,False,True,647,91.5264116575592,68.93960513888119,7.0,256.0,116.219,79.04162851940742,False,False
130,SEE,54.0,57.29792332268371,6.702985279847496,44.8125,70.5,251.0,False,True,626,93.85147601476015,68.65461125556584,7.0,258.0,116.734,79.22061123217871,False,False
167,INVH,55.0,40.16197183098591,5.838459975988984,29.975,52.02499999999998,253.05,False,True,639,88.50854179377669,74.50830027106396,5.950000000000003,259.0,119.402,81.41932446293079,False,False
235,UPL.NS,56.0,68.88988580750407,7.189728636481512,55.0,83.0,252.70000000000005,False,True,613,95.98915065096094,66.55683660252079,6.0,258.70000000000005,112.601,79.92169792365526,False,False
123,MTDR,57.0,66.79654036243822,6.951955947109094,52.575,80.0,253.8499999999999,False,True,607,98.05320472930927,66.8338767552648,7.0,260.8499999999999,117.026,78.71318392747177,False,False
156,NRG,58.0,59.42889561270802,6.72145818568427,47.0,73.0,253.5,False,True,661,93.18994581577363,67.84582657970672,6.0,259.5,115.506,79.77715189200477,False,False
56,WWD,59.0,42.41521394611728,6.101974680525202,31.0,54.5,254.0,False,True,631,87.96443899448191,72.51166817652378,7.0,261.0,116.706,80.10602701420162,False,False
204,NATCOPHARM.NS,60.0,54.507165605095544,6.771017967993692,41.8375,68.0,251.0,False,True,628,92.18151105651106,69.85255889165259,8.0,259.0,115.841,80.39721213450127,False,False
168,ELS,61.0,56.24611801242236,6.754368300689012,44.0,69.96249999999998,255.0,False,True,644,94.43582725060827,69.71074656902645,8.0,263.0,119.03,80.09784703723315,False,False
226,GODREJCP.NS,62.0,77.22662440570522,7.451171501929308,62.875,92.0,252.5,False,True,631,99.71673819742489,65.16913632445045,5.75,258.25,113.908,79.82039548887239,False,False
146,INGR,63.0,50.03472222222222,6.318631663238412,38.0,63.0,250.82500000000005,False,True,648,91.5185072815534,70.31536185342159,8.0,258.82500000000005,118.4,79.27478792150755,False,False
186,PAGEIND.NS,64.0,71.48710166919575,7.262176772723348,57.5,86.77499999999998,254.0,False,True,659,99.11573236889693,65.8158438677925,6.0,260.0,117.323,79.47975006880684,False,False
228,COLPAL.NS,65.0,85.16290322580645,7.828200342577979,69.0,100.5,253.0,False,True,620,104.30864197530865,64.9063864299218,7.0,260.0,116.179,80.11637135442419,False,False
41,MEDP,66.0,61.363338788870706,7.033801810061567,49.0,76.0,251.75,False,True,611,96.62693978895096,68.54330863615742,7.0,258.75,118.173,79.4639734156303,False,False
124,CHRD,67.0,70.18681318681318,7.331066476584162,56.5,86.0,251.0,False,True,637,99.27978008552229,66.2752187370541,6.0,257.0,117.812,79.20562262869979,False,False
241,ATUL.NS,68.0,58.449675324675326,6.861978806535268,46.0,72.3125,255.0,False,True,616,97.27908415841584,70.61790634244927,8.0,263.0,121.198,80.80182421208076,False,False
175,CUBE,69.0,74.40310077519379,7.6186423538203805,60.0,89.0,251.0,False,True,645,101.86565349544072,66.57411852970787,9.0,260.0,119.579,80.33163610309452,False,False
199,AJANTPHARM.NS,70.0,72.26993865030674,7.384643616717699,58.0,87.36250000000001,254.0,False,True,652,102.70520581113801,67.3468059609486,10.0,264.0,122.549,80.37111171932362,False,False
137,NGVT,71.0,78.15235008103728,7.702235998187193,63.7,94.0,253.5999999999999,False,True,617,105.17192331478046,67.30118435645379,7.0,260.5999999999999,121.843,80.98855691392457,False,False
29,BMRN,72.0,68.26992481203007,7.448297832112417,53.8,83.5,250.0,False,True,665,99.15825825825826,67.42136805375289,10.0,260.0,119.699,80.46867961511484,False,False
267,IIFL.NS,73.0,66.07021604938272,6.998131934352668,53.0,80.0,248.0,False,True,648,98.66474514563107,67.18582955337274,9.0,257.0,119.786,79.20029169138205,False,False
165,DTE,74.0,51.39307228915663,6.343446971221718,39.0,64.0,246.69999999999982,False,True,664,92.78665865384616,69.88819094143284,10.0,256.6999999999998,120.272,78.78892064243551,False,False
258,ENDURANCE.NS,75.0,63.58757961783439,6.8439944291945265,50.0,78.0,254.32500000000005,False,True,628,100.49692874692875,68.15185063420624,8.0,262.32500000000005,123.676,78.35381946018968,False,False
42,HRMY,76.0,79.50465838509317,7.4786950011727535,65.0375,93.96249999999998,249.92499999999995,False,True,644,105.330900243309,65.36130395660206,9.0,258.92499999999995,121.963,79.25365373911792,False,False
54,AWI,77.0,82.42507886435331,7.6276922894509935,67.9125,97.0,251.17499999999995,False,True,634,103.64718482252142,63.89880861951002,7.0,258.17499999999995,117.102,78.5382556210666,False,False
88,SIG,78.0,80.44022617124394,7.428364227898355,66.0,95.0,251.54999999999995,False,True,619,107.94163063619519,66.67554506808845,10.0,261.54999999999995,124.965,80.03345409889542,False,False
176,REXR,79.0,83.26729559748428,7.535978665522702,68.0,98.0,249.125,False,True,636,110.55195599022005,65.27079703858267,11.0,260.125,127.905,78.47989535543482,False,False
63,RBC,80.0,76.38557213930348,7.518920796649507,62.0,91.47499999999997,251.0,False,True,603,105.90798502807236,66.12760202132111,10.0,261.0,123.71,78.31432755249834,False,False
257,BALKRISIND.NS,81.0,88.13213703099511,7.692637197223504,73.5,103.0,249.70000000000005,False,True,613,110.82951022938623,64.46491625658435,9.0,258.70000000000005,124.743,78.46989837510942,False,False
224,DABUR.NS,82.0,96.2784911717496,7.7631400315077705,82.0,111.22499999999997,252.0,False,True,623,112.07239679605668,64.08621034002896,8.0,260.0,121.912,79.84961024325666,False,False
270,MASFIN.NS,83.0,90.74169184290031,7.884487935672059,75.0,106.73750000000001,248.0,False,True,662,109.823706377858,63.4145522953614,10.0,258.0,122.456,79.00505087651042,False,False
215,MPHASIS.NS,84.0,100.01512738853503,8.144114584920032,85.0,116.16249999999997,247.32500000000005,False,True,628,112.627457002457,61.354932192481265,9.0,256.32500000000005,120.548,76.96884886757759,False,False
60,EME,85.0,65.07088989441931,7.248047344571069,50.775,79.44999999999993,253.0,False,True,663,103.95369813589897,69.29723657005104,10.0,263.0,129.733,79.27250286827079,False,False
120,SM,86.0,111.13428120063192,8.365522611239351,94.9,127.59999999999997,249.20000000000005,False,True,633,119.736680955297,61.61707287608496,10.0,259.20000000000005,125.182,77.96896097807127,False,False
148,IPAR,87.0,73.3904,7.294024118413649,59.5,88.39999999999998,253.39999999999986,False,True,625,106.40369230769231,67.3746456664119,10.0,263.39999999999986,127.037,78.97008060651831,False,False
87,CROX,88.0,129.28839869281046,8.427395378208614,112.0,146.3625,251.0,False,True,612,127.47177419354838,62.78663782532131,9.0,260.0,126.36,79.42319812246294,False,False
68,TTC,89.0,81.24880763116057,7.361310323253319,66.0,95.0,252.0,False,True,629,112.27655003069367,67.07609160647502,11.0,263.0,131.793,79.4271499614584,False,False
274,PRESTIGE.NS,90.0,75.37179487179488,7.396534573806314,60.7875,90.0,250.0,False,True,624,109.04433497536945,67.2494588944928,11.0,261.0,130.056,78.49445116694555,False,False
129,SON,91.0,86.23790951638065,8.070329394437035,70.5,102.0,251.0,False,True,641,110.61822059719682,64.11352840707237,9.0,260.0,126.246,77.96420642833479,False,False
8,PAYC,92.0,103.07748776508973,8.215994162817761,87.15,118.84999999999997,253.0,False,True,613,118.3927464352139,62.31984050229451,10.0,263.0,127.781,77.40288779496538,False,False
144,CELH,93.0,101.2531055900621,8.140578117949659,86.0375,117.5,251.92499999999995,False,True,644,116.15024330900243,62.75060410088464,11.0,262.92499999999995,125.744,78.71366122853135,False,False
102,ZION,94.0,86.9375,7.720761377610372,72.4875,102.0,253.0,False,True,640,110.35609756097561,65.50502233130395,9.0,262.0,125.344,80.14552803494404,False,False
240,CLEAN.NS,95.0,144.75705329153604,8.673532259110159,127.0,162.0,250.07500000000005,False,True,638,133.9017094017094,62.70636589937479,12.0,262.07500000000005,126.976,79.18091578151898,False,False
242,FINEORG.NS,96.0,109.22527472527473,8.209044967170946,93.9,125.0,247.0999999999999,False,True,637,121.35583384239463,60.95759202031836,12.0,259.0999999999999,129.083,76.72313934531094,False,False
200,GLENMARK.NS,97.0,106.20502431118314,8.249975632264523,89.7,122.30000000000001,254.0,False,True,617,121.68429189857761,63.466712144326294,11.0,265.0,131.235,78.94470074045503,False,False
264,CHOLAFIN.NS,98.0,124.07758620689656,8.547801187755228,106.4625,141.03749999999997,252.07500000000005,False,True,638,126.02350427350427,62.42274514769269,9.0,261.07500000000005,127.265,79.574221799525,False,False
73,SPXC,99.0,93.0584707646177,7.959908880482056,77.0,109.0,251.0,False,True,667,113.49010197960408,64.18728729615788,11.0,262.0,127.118,79.75983999482447,False,False
160,EVRG,100.0,108.48203125,8.17485123711884,92.975,124.0,255.0,False,True,640,118.96798780487805,64.02978093957985,10.0,265.0,125.679,81.0278591535035,False,False
234,SRF.NS,101.0,102.03706505295007,7.734908385040272,87.0,118.0,248.5,False,True,661,118.97802528597231,63.773988287804414,14.0,262.5,130.176,80.00526872650326,False,False
115,CHX,102.0,107.11778471138845,8.173800202909472,91.0,122.5,245.0,False,True,641,120.45734308348568,61.37190210575118,16.0,261.0,129.008,77.14170037016295,False,False
116,TRGP,103.0,95.46640625,7.716766216166001,80.4875,109.51249999999999,254.0,False,True,640,116.34786585365853,63.63271512728189,11.0,265.0,129.712,78.38869214370145,False,False
229,TATACONSUM.NS,104.0,105.72297297297297,8.03166953290261,90.3875,121.0,251.0,False,True,592,117.80904522613065,63.018900958227434,8.0,259.0,124.964,78.40014479578466,False,False
246,ABB.NS,105.0,110.42969984202212,8.158493344606038,95.0,126.0,249.20000000000005,False,True,633,121.17819963257807,60.765282534405884,11.0,260.20000000000005,127.982,76.6039533966753,False,False
22,SAMSN,106.0,113.16192733017378,8.353575962214533,96.8,129.09999999999997,246.2,False,True,633,121.37875076546234,60.76599476021726,11.800000000000004,258.0,126.58,76.91488542538434,False,False
262,CRAFTSMAN.NS,107.0,84.03015075376885,7.846513088561383,67.5,100.0,251.0999999999999,False,True,597,112.04696305572949,65.71512102040805,12.0,263.0999999999999,128.773,78.17596479097652,False,False
55,GFF,108.0,148.6923676012461,8.098304945641106,132.0,165.4875,248.0,False,True,642,137.9491473812424,61.36966673373702,14.0,262.0,131.052,77.59115475361867,False,False
98,FNB,109.0,92.08475894245723,7.889263787372275,77.0,107.47499999999997,248.0,False,True,643,114.58338405356056,64.66370740701936,12.0,260.0,129.05,79.342608351377,False,False
183,EA,110.0,122.12581699346406,8.261633913503852,105.6375,138.3625,246.0,False,True,612,125.21464019851116,60.606182247420236,14.0,260.0,127.105,76.61506362981108,False,False
27,ALGN,111.0,97.13849765258216,8.045011572488953,81.475,113.02499999999998,254.0,False,True,639,114.95576571079927,63.59296828280399,10.0,264.0,126.341,79.08469332936684,False,False
179,ZI,112.0,115.24725274725274,8.469198758881356,98.45,132.0,254.1,False,True,637,122.30513133781307,62.456689144350385,10.900000000000006,265.0,126.801,79.29714622229478,False,False
100,CMA,113.0,116.80990415335464,8.433007812019778,101.0,132.1875,243.75,False,True,626,122.39913899138992,60.44134500671319,11.625,255.375,125.898,76.57490186738734,False,False
135,IOSP,114.0,94.17027863777089,7.85385761832518,79.0,110.0,247.875,False,True,646,115.75759416767922,64.59593203165518,11.125,259.0,129.703,79.57883381276707,False,False
189,ARVIND.NS,115.0,112.38880248833593,8.328434997923912,96.025,128.47499999999997,252.0,False,True,643,124.88314059646987,62.92298407683484,12.0,264.0,132.917,79.34489341476237,False,False
260,SUNDRMFAST.NS,116.0,127.26650563607086,8.409664262431173,112.0,144.5,248.5,False,True,621,129.91455891425045,61.57863580551191,13.0,261.5,131.559,78.07521065613592,False,False
198,LAURUSLABS.NS,117.0,98.85578446909668,7.996173449611524,82.5,113.625,252.0,False,True,631,118.24340895156345,63.28490882708241,11.0,263.0,130.477,78.13408648598895,False,False
138,AVNT,118.0,138.02323717948718,8.422146578052855,120.7875,155.21249999999998,255.0,False,True,624,134.99230295566502,62.95922009673409,10.0,265.0,133.101,79.89832788613289,False,False
190,TRENT.NS,119.0,130.68878357030016,8.673167785565463,113.4,147.5,249.20000000000005,False,True,633,130.2118799755052,62.266320970542814,12.0,261.20000000000005,129.91,79.26817709522528,False,False
188,WELSPUNIND.NS,120.0,118.97452229299363,8.575822587486917,102.0,135.66249999999997,248.325,False,True,628,124.13022113022113,61.78585557464711,13.675000000000004,262.0,127.368,78.36781594506765,False,False
211,SUVENPHAR.NS,121.0,120.31072555205047,8.364034755520525,104.0,136.0,248.17499999999995,False,True,634,125.78947368421052,61.76319218418458,15.0,263.17499999999995,129.263,78.47138224219069,False,False
97,PB,122.0,132.009375,8.393072268804493,115.4875,149.0,255.025,False,True,640,130.62378048780488,62.38683839737438,9.975000000000001,265.0,129.737,79.5988305881437,False,False
7,DOCN,123.0,115.97854785478548,8.821873236236438,99.0,133.4375,248.0,False,True,606,121.35554171855541,61.17468549574696,13.0,261.0,124.614,77.03830867821542,False,False
57,FIX,124.0,98.19392523364486,7.7536150053849635,84.0,114.0,250.9749999999999,False,True,642,120.23538367844093,64.52423689041244,13.0,263.9749999999999,134.386,79.2813282179354,False,False
13,ANSS,125.0,123.075456053068,8.001639213237182,108.0,138.97499999999997,252.0,False,True,603,127.7882096069869,63.267256095077386,12.0,264.0,130.63,79.72656458170012,False,False
151,SJM,126.0,142.03401898734177,8.633997654233546,125.0,160.0,254.225,False,True,632,137.7215073529412,61.40701750177403,10.775000000000006,265.0,134.996,78.02362452488347,False,False
163,AVA,127.0,140.0829420970266,8.533199829213292,123.475,157.04999999999995,250.09999999999997,False,True,639,132.3587553386211,61.083742874846,12.950000000000003,263.04999999999995,127.423,77.50135528492389,False,False
206,BIOCON.NS,128.0,118.15023112480739,8.381467786600947,102.1,134.0,248.0,False,True,649,126.0379017586416,61.67553787023531,15.0,263.0,131.157,78.48828161579281,False,False
202,ALKEM.NS,129.0,143.9414976599064,8.460199206397506,127.0,160.5,244.0,False,True,641,137.70719073735526,59.835505037572304,16.0,260.0,133.711,76.08212325507222,False,False
205,AUROPHARMA.NS,130.0,127.98671875,8.352501226183593,110.4875,144.0,248.0,False,True,640,131.9515243902439,61.23856984532399,17.0,265.0,134.489,78.03280002024789,False,False
153,USFD,131.0,89.52535657686212,7.876633409930776,74.0,105.625,252.5,False,True,631,116.85990190067443,67.00741760775465,12.75,265.25,134.108,80.71596085037953,False,False
43,PEN,132.0,90.34116693679093,7.837587029008742,75.5,106.10000000000002,250.0,False,True,617,112.85745207173778,64.28414568890771,13.0,263.0,126.75,78.34833437923234,False,False
157,OGE,133.0,141.2797427652733,8.10797558586808,124.525,157.7375,249.4749999999999,False,True,622,133.1189889025894,61.37133310605552,13.0,262.4749999999999,128.043,77.46668413582707,False,False
118,AR,134.0,136.10278207109738,8.363589945305662,120.0,153.0,249.8499999999999,False,True,647,137.12173649058894,61.62266850543068,15.0,264.8499999999999,137.781,78.79008211063115,False,False
37,STE,135.0,143.0111821086262,8.574930184911224,126.0,159.1875,252.375,False,True,626,137.75953259532596,62.5898197262212,12.0,264.375,134.472,79.34563136052293,False,False
219,BSOFT.NS,136.0,156.6576,8.429730852168413,140.0,174.0,249.39999999999986,False,True,625,141.79692307692306,62.38290192088699,14.0,263.39999999999986,132.509,77.81510084167468,False,False
127,ATI,137.0,134.8656597774245,8.379549472732148,118.7,152.0,247.0,False,True,629,133.0745856353591,61.07536774367177,14.0,261.0,131.948,77.64691427223622,False,False
256,MOTHERSON.NS,138.0,120.84346504559271,8.233012066644118,104.425,136.0,248.72500000000008,False,True,658,130.01326899879373,60.29408081221875,13.425000000000004,262.1500000000001,136.047,76.75362396004503,False,False
108,HLNE,139.0,147.76862123613313,8.69634044209098,130.5,165.0,250.0,False,True,631,142.90987124463518,61.14791822936224,14.0,264.0,139.844,77.62991474940573,False,False
12,HUBS,140.0,114.39435483870967,8.534449189658563,98.2375,131.0,251.525,False,True,620,127.36697530864197,62.8351855664661,10.475000000000001,262.0,135.41,78.62565675401382,False,False
170,SUI,141.0,104.11900958466454,7.702472922050691,89.0,117.6875,244.0,False,True,626,120.72539975399754,60.03221583348667,16.0,260.0,131.121,74.44492164681215,False,False
61,WSC,142.0,188.85085007727974,7.790371443116637,174.0,203.425,250.7,False,True,647,157.03369763205828,65.11539837950069,12.300000000000011,263.0,136.448,76.58517673806074,False,False
112,NOV,143.0,152.52492211838006,8.524986296122394,136.0,169.0,249.0,False,True,642,140.60779537149818,62.08896469811153,14.0,263.0,132.957,78.31734897837131,False,False
36,TFX,144.0,171.14426229508197,8.380481315458097,155.0,187.0,249.0,False,True,610,148.59937888198758,63.46511292529482,13.0,262.0,134.847,77.08939999117906,False,False
208,LALPATHLAB.NS,145.0,163.09135399673735,8.240658775692287,147.3,179.0,251.70000000000005,False,True,613,145.42281463112212,63.537544931201296,14.0,265.70000000000005,134.592,78.49467202301058,False,False
103,CFR,146.0,134.2141719745223,8.305084762547576,117.3375,150.66249999999997,252.0,False,True,628,136.1636977886978,61.531214609648686,13.0,265.0,137.388,78.20839760537228,False,False
150,FRPT,147.0,137.3183279742765,8.403315363678558,119.2625,154.0,248.0,False,True,622,137.62638717632552,61.58685380357939,16.0,264.0,137.818,78.1545320247009,False,False
216,COFORGE.NS,148.0,145.93848580441642,8.530757207153478,128.9125,162.17499999999995,253.17499999999995,False,True,634,138.06181150550796,62.05372744635491,13.0,266.17499999999995,133.068,78.62299521132478,False,False
172,HIW,149.0,164.8370253164557,7.982894450604095,150.0,181.0,245.225,False,True,632,147.9797794117647,61.65638162468975,17.775000000000006,263.0,137.326,76.62043933572816,False,False
101,HBAN,150.0,156.1122291021672,8.384723078266509,140.0,173.0,247.875,False,True,646,145.49483596597813,60.16688115696681,17.125,265.0,138.636,76.11389823153193,False,False
30,ALKS,151.0,163.9953198127925,8.206669974722198,149.0,180.5,249.0,False,True,641,147.8878732480195,62.195409502956764,16.0,265.0,137.563,77.66432920588447,False,False
76,DKS,152.0,155.3288643533123,8.369350515293647,138.9125,172.0,253.0,False,True,634,144.25856793145655,61.732521622368196,13.0,266.0,137.24,77.81805960058372,False,False
128,CMC,153.0,126.17011128775835,8.552865443862109,108.0,144.29999999999995,243.3,False,True,629,131.85082872928177,61.45274353332311,18.700000000000003,262.0,135.424,77.92780135484384,False,False
152,CASY,154.0,125.16353677621284,8.292874593580946,108.5,141.52499999999998,250.0,False,True,639,133.01982916412447,61.43153753965274,17.0,267.0,138.04,77.95336041505844,False,False
107,LPLA,155.0,149.68971332209105,8.512505160053681,132.9,166.59999999999997,241.0,False,True,593,138.21845574387947,59.9638805144689,19.0,260.0,131.416,74.56957116679699,False,False
105,SEIC,156.0,132.89983844911146,8.386348432930847,117.0,149.0,247.54999999999995,False,True,619,133.31068560840023,60.70749096799149,15.0,262.54999999999995,133.565,76.96075477150676,False,False
233,HONASA.NS,157.0,129.97248427672955,8.592062344850804,112.0,146.0,246.0,False,True,636,132.31143031784842,59.62412099608394,15.0,261.0,133.799,75.91702443457594,False,False
169,AMH,158.0,161.05674846625766,8.186046064109624,145.1375,177.0,247.0,False,True,652,149.08716707021793,60.72152900504554,18.0,265.0,141.283,76.76644391268883,False,False
113,OII,159.0,139.12399355877616,8.415962566423595,122.0,156.0,244.5,False,True,621,136.39358420727945,59.72588986854536,15.5,260.0,134.698,75.70279252445052,False,False
77,ASO,160.0,167.9163961038961,8.095106787130714,153.0,183.3125,249.0,False,True,616,150.6055074257426,60.78293203968963,17.0,266.0,139.942,75.04495076952213,False,False
9,MANH,161.0,167.11480362537765,8.075107673229297,151.5,182.7375,252.0,False,True,662,149.28459687123947,63.62352788591466,14.0,266.0,137.481,79.5911153270263,False,False
93,BEN,162.0,150.71269841269842,8.313261390139921,134.0,167.0,247.275,False,True,630,145.2042944785276,60.46169740193454,16.725,264.0,141.734,76.70695694655082,False,False
125,DINO,163.0,162.02099533437013,8.26043489783546,146.5,178.0,244.90000000000003,False,True,643,146.6034692635423,61.93420669346916,17.050000000000004,261.95000000000005,136.69,77.50678615450391,False,False
2,CRWD,164.0,146.9513343799058,8.341889090850204,130.0,163.05,250.0,False,True,637,141.40989615149664,61.67583026520081,15.0,265.0,137.88,78.42607729575667,False,False
218,ROUTE.NS,165.0,177.01253918495297,8.067203981114892,162.0,192.0,245.075,False,True,638,152.61721611721612,63.755437386950774,17.925000000000004,263.0,137.053,77.4248680399263,False,False
185,WMG,166.0,195.78571428571428,7.821680433721147,180.8625,210.5,249.0,False,True,630,161.63374233128835,66.46739522748162,15.0,264.0,140.118,77.23293388186157,False,False
210,GRANULES.NS,167.0,160.1095238095238,8.297728017320953,144.0,177.0,250.0,False,True,630,146.70674846625766,62.08884059343792,16.0,266.0,138.263,77.81931528226139,False,False
139,KWR,168.0,166.41060126582278,8.184357085581139,151.0,184.0,247.225,False,True,632,149.6920955882353,61.472054108308306,16.775000000000006,264.0,139.126,76.39632271254946,False,False
203,IPCALAB.NS,169.0,170.27956989247312,7.98598217727443,155.125,186.0,244.0,False,True,651,152.5748031496063,60.847032001059766,17.0,261.0,141.049,75.7243329386268,False,False
217,TATAELXSI.NS,170.0,204.7217607973422,7.027608693060683,191.0125,217.9875,248.9749999999999,False,True,602,168.21317103620476,67.8323047529482,19.0,267.9749999999999,146.235,77.82026583737682,False,False
133,SLVM,171.0,180.8845514950166,7.990414349493031,166.0,196.0,246.9749999999999,False,True,602,155.5365168539326,63.59885015804724,17.0,263.9749999999999,140.277,76.30009351894662,False,False
213,LTTS.NS,172.0,182.04883720930232,8.091023988998764,167.0,197.45,247.0,False,True,645,157.25623100303952,63.79646229213835,18.0,265.0,141.265,77.464332276216,False,False
209,METROPOLIS.NS,173.0,172.95979899497488,8.287044153201908,157.4,189.0,242.1,False,True,597,153.89542892924234,61.41128547844203,20.900000000000006,263.0,142.514,75.06879380941191,False,False
162,MDU,174.0,158.27287581699346,8.078296362589917,141.0,174.0,253.7249999999999,False,True,612,146.8058312655087,62.95919759280483,15.0,268.7249999999999,139.788,78.86749048879392,False,False
1,OKTA,175.0,151.718989280245,8.46288939946836,134.65,168.34999999999997,245.0,False,True,653,145.997277676951,60.584922313276216,20.0,265.0,142.261,77.36462291642091,False,False
259,EXIDEIND.NS,176.0,169.43312597200622,8.15314386755398,154.0,185.0,245.95000000000005,False,True,643,152.0861229458308,62.523008855930485,19.0,264.95000000000005,140.932,77.8591508815759,False,False
195,JUBLFOOD.NS,177.0,172.05863708399366,8.10918268287861,155.875,188.0,244.25,False,True,631,154.26548129981606,62.5989788742502,20.75,265.0,143.038,77.61421619780748,False,False
192,BATAINDIA.NS,178.0,183.92892156862746,7.966756715406588,169.0,198.3625,246.0,False,True,612,157.91098014888337,64.68608812799191,19.0,265.0,141.988,77.70719307760382,False,False
80,RH,179.0,193.84827044025158,7.433574617895353,179.9375,208.0625,247.25,False,True,636,162.13661369193153,65.45324493030886,18.875,266.125,141.968,76.98918739667279,False,False
111,PNFP,180.0,174.1963746223565,8.209812059174636,158.0,190.0,248.0,False,True,662,154.56558363417568,62.43781672601434,17.0,265.0,141.57,77.52842768946111,False,False
269,ABCAPITAL.NS,181.0,175.01048387096773,8.144628336125033,159.0,190.0,243.0,False,True,620,156.29043209876542,61.514387064024895,20.0,263.0,144.684,75.74300062712065,False,False
236,AARTIIND.NS,182.0,154.2664576802508,8.211564041258823,138.0,170.5,242.0,False,True,638,145.54029304029305,60.23037954945285,21.0,263.0,139.973,76.28613419881755,False,False
19,SMCI,183.0,178.24725274725276,7.81921993928306,163.0,193.0,243.0,False,True,637,157.7076970067196,62.40259548810152,21.0,264.0,144.624,76.78380443817564,False,False
181,MSGS,184.0,158.95990180032734,8.325985940949206,142.625,175.375,243.75,False,True,611,147.10273122284295,60.83807281342443,22.0,265.75,139.858,76.03948866214185,False,False
143,FMC,185.0,202.9056,7.239881811190014,188.8,217.0,249.0,False,True,625,164.46092307692308,68.59836404694474,16.0,265.0,140.433,78.18550703934841,False,False
33,TECH,186.0,192.41447368421052,7.404329795666296,177.0875,206.5,243.0,False,True,608,163.18221393034827,63.98337738558099,22.0,265.0,145.409,75.59216704791575,False,False
243,SUDARSCHEM.NS,187.0,176.01980982567355,8.137682336812112,160.0,191.5,241.25,False,True,631,157.43439607602699,61.37392544836803,22.0,263.25,145.707,75.80440060445041,False,False
110,CBSH,188.0,184.69938650306747,8.03472904267877,169.5,199.5,243.45,False,True,652,159.43523002421307,63.43567441039059,19.55000000000001,263.0,142.963,76.92987476266941,False,False
95,SF,189.0,190.89983022071308,7.614556917573816,176.5,204.5,245.0,False,True,589,164.11139081183134,65.25389867684204,22.0,267.0,148.333,77.84785232104994,False,False
91,TXRH,190.0,196.83154670750383,7.4276984761166975,182.15,211.5,247.0,False,True,653,168.3545069570478,64.56194828002594,20.0,267.0,149.759,77.32234424149335,False,False
232,BIKAJI.NS,191.0,180.2,7.707840582913798,165.5,194.7625,243.0,False,True,620,161.46666666666667,59.985331025773334,24.0,267.0,149.852,73.75521741544797,False,False
145,FLO,192.0,206.7329093799682,7.2393915342866055,193.0,221.0,238.0,False,True,629,172.80294659300185,63.52384714774108,30.0,268.0,151.461,73.21812944209924,False,False
131,HXL,193.0,186.84312210200926,7.87825906099039,172.0,200.925,243.0,False,True,647,165.13205828779599,61.30381371324086,24.0,267.0,151.085,75.14806567703523,False,False
244,ANANTRAJ.NS,194.0,179.3621236133122,7.965954174997415,164.375,194.5,235.0,False,True,631,160.54904966278357,60.051174150697186,28.0,263.0,148.678,74.00896105202396,False,False
49,ENSG,195.0,187.8568075117371,7.649465075585611,173.0,202.52499999999998,243.1,False,True,639,161.98322147651007,61.80345990515483,22.900000000000006,266.0,145.45,74.30964607640114,False,False
15,NET,196.0,183.29575163398692,7.6175932583346455,168.6375,197.3625,244.0,False,True,612,163.25868486352357,60.7629563653752,23.0,267.0,150.996,74.29757724179167,False,False
38,BIO,197.0,197.73708920187792,7.522873933267139,183.0,213.0,247.0,False,True,639,168.85478950579622,62.59967495438275,21.0,268.0,150.399,74.24928147127082,False,False
184,LYV,198.0,190.0327332242226,7.598867748322132,176.0,204.0,236.0,False,True,611,165.90937306021104,59.72905027368503,29.0,265.0,151.17,71.68852837100229,False,False
81,POOL,199.0,212.85536547433904,6.8900551532025816,199.0,226.0,243.95000000000005,False,True,643,176.9726110772976,65.08269596723112,24.0,267.95000000000005,153.9,74.6228517278722,False,False
106,ALLY,200.0,185.9805510534846,8.010251394999338,171.0,202.0,242.0,False,True,617,165.11193568336427,61.979260399183154,25.0,267.0,152.236,75.74634185226374,False,False
191,DIXON.NS,201.0,202.0007874015748,7.533207283649107,187.0,216.075,242.0,False,True,635,173.23944954128442,62.53392476477057,26.0,268.0,154.976,74.15378226361754,False,False
251,GRINDWELL.NS,202.0,209.69126984126984,6.982597640998268,196.0,223.0,241.0,False,True,630,172.2058282208589,65.44661897574996,24.0,265.0,148.59,74.21617007094883,False,False
238,DEEPAKNTR.NS,203.0,203.98595943837753,7.137699961538343,190.0,218.0,239.0,False,True,641,170.98293723339427,63.538678246390326,28.0,267.0,149.828,73.80122232050091,False,False
147,SPB,204.0,194.79716981132074,7.72308013896006,179.9375,210.0,239.0,False,True,636,171.82640586797066,60.82443320219498,30.0,269.0,157.217,73.92973631090537,False,False
32,EXAS,205.0,198.6642969984202,7.441548225176084,184.0,212.0,241.40000000000003,False,True,633,171.1883037354562,61.700543272910394,25.800000000000004,267.20000000000005,153.796,73.49383908872906,False,False
53,MTZ,206.0,191.84858044164037,7.650278208008707,178.0,206.0,240.17499999999995,False,True,634,170.16462668298652,60.53148535557902,29.0,269.17499999999995,156.417,73.9112245264547,False,False
253,ELGIEQUIP.NS,207.0,208.86977491961414,6.852892900585496,195.0,222.2375,237.0,False,True,622,172.21331689272503,65.45239604616788,28.0,265.0,149.413,74.59108814731154,False,False
271,POONAWALLA.NS,208.0,200.96189024390245,7.372756712989329,187.0,215.0,240.625,False,True,656,170.54830917874395,63.20827964356103,25.375,266.0,150.597,74.67054701152256,False,False
194,RAJESHEXPO.NS,209.0,199.7263565891473,7.286224864226261,185.5,214.0,241.69999999999987,False,True,645,172.6531914893617,62.03092618109377,26.200000000000003,267.89999999999986,155.191,74.28164321688098,False,False
263,GABRIEL.NS,210.0,219.51194267515925,6.5902191121205105,206.8375,232.16249999999997,239.325,False,True,628,177.6686117936118,66.73632734138411,28.675000000000004,268.0,151.391,73.71128895223579,False,False
94,IVZ,211.0,217.8084935897436,6.704185090727146,205.0,230.5,235.425,False,True,624,180.19919950738915,64.70516596882966,30.575000000000003,266.0,156.731,73.0607325380741,False,False
58,ROAD,212.0,218.6070287539936,6.588162134395097,205.5,231.0,234.375,False,True,626,180.1678966789668,64.20988543504,33.0,267.375,156.105,71.92148479418371,False,False
126,CLF,213.0,227.5421393841167,6.085280534467187,216.0,239.0,234.0,False,True,617,183.19882498453927,65.17437875511128,33.0,267.0,155.839,69.88488448155294,False,False
10,WK,214.0,213.5747508305648,6.9654625207005,200.0,227.0,237.975,False,True,602,176.90574282147315,64.35999751692276,27.025000000000006,265.0,154.831,72.86877547344953,False,False
230,ZYDUSWELL.NS,215.0,211.90412044374008,6.950635229249855,198.875,225.0,239.75,False,True,631,176.55272838749232,63.756049305363995,26.5,266.25,154.246,72.89098355763902,False,False
154,POST,216.0,214.74251968503938,6.512634839204874,202.0,227.5,235.0,False,True,635,181.22415902140673,62.89687251608769,33.0,268.0,159.94,72.6273254360919,False,False
122,PTEN,217.0,205.7968253968254,7.107227893812967,193.0,220.0,236.54999999999987,False,True,630,177.56073619631903,60.66981181539698,32.725,269.27499999999986,159.772,71.75792650293067,False,False
193,VMART.NS,218.0,216.58682170542636,6.6043957624309355,203.0,229.0,239.0,False,True,645,182.68115501519756,62.978476160162955,30.0,269.0,160.812,72.64064052581034,False,False
40,NTRA,219.0,207.34700315457414,7.100468650502752,193.9125,220.5,233.0,False,True,634,177.87148102815178,61.80289824883525,34.0,267.0,159.184,72.8643544128403,False,False
155,HRL,220.0,220.6573033707865,6.404889317889796,208.275,232.22499999999997,239.90000000000003,False,True,623,183.04775107825014,64.89778469234349,26.550000000000004,266.45000000000005,159.617,73.34744924671887,False,False
255,KAYNES.NS,221.0,223.9448818897638,6.178202840663349,211.0,235.0,235.0,False,True,635,183.36024464831803,64.8795723537744,30.0,265.0,157.589,71.74949532226691,False,False
59,DY,222.0,216.1508422664625,6.743710362926369,203.15,229.0,233.39999999999998,False,True,653,181.9875983061101,61.987540928383495,30.60000000000001,264.0,159.679,71.14825337982654,False,False
221,MASTEK.NS,223.0,234.78201219512195,5.7812417098032105,223.1875,245.3125,228.25,False,True,656,190.04649758454107,65.42479604101527,36.375,264.625,160.7,69.94552165793033,False,False
16,BILL,224.0,224.74175824175825,6.392851830161613,212.0,236.5,230.0,False,True,637,186.39431887599267,61.92249977771047,39.0,269.0,161.967,68.68372377062852,False,False
275,BRIGADE.NS,225.0,225.6988906497623,6.423916438929602,213.0,237.0,231.0,False,True,631,185.84242795830778,63.492435734139896,37.0,268.0,160.693,70.10087553661509,False,False
171,KRC,226.0,240.79795597484278,5.662658683792532,229.9375,251.0625,234.125,False,True,636,191.13600244498778,68.40867812597872,32.875,267.0,159.551,71.20033285736802,False,False
248,THERMAX.NS,227.0,221.82154088050314,6.544777418840556,209.0,234.0,223.25,False,True,636,185.84932762836186,61.62048948593959,40.875,264.125,162.971,69.55850888999849,False,False
266,MANAPPURAM.NS,228.0,251.73863636363637,4.783616597396312,242.1875,261.0,226.625,True,True,616,200.04022277227722,68.36531614375465,41.375,268.0,168.194,69.84418632928585,False,False
24,CWAN,229.0,210.68515497553017,6.8129560517872525,197.65,224.0,233.0,False,True,613,181.97396156230627,60.56151748524037,35.0,268.0,164.374,71.2212617411402,False,False
0,ZS,230.0,228.65149006622516,6.144828852031784,216.5,241.0,227.0,False,True,604,189.8045511221945,62.21556963672718,42.0,269.0,166.341,68.73059521785041,False,False
245,GALAXYSURF.NS,231.0,233.58656957928804,5.922929844338155,222.0,245.0,229.15000000000003,False,True,618,190.65234857849197,64.33540720758485,39.425000000000004,268.57500000000005,164.119,69.51321341299078,False,False
70,ESAB,232.0,244.7257053291536,5.16104264462393,234.5,255.0,226.07500000000005,False,True,638,194.06593406593407,67.13798540105579,38.0,264.07500000000005,161.745,68.44188757624967,False,False
44,RVMD,233.0,223.028125,6.44665535253553,210.9875,235.0,230.0,False,True,640,188.91829268292682,61.11439469182758,38.0,268.0,167.088,69.83954650482777,False,False
158,PNW,234.0,226.7175697865353,6.395031168861709,213.6,238.5,230.8,False,True,609,190.5208203853325,63.56406482578473,38.2,269.0,168.477,72.05718195294624,False,False
273,GODREJPROP.NS,235.0,229.5490506329114,6.215217063734383,217.5,241.5,229.2249999999999,False,True,632,187.52083333333334,64.91384888262701,38.0,267.2249999999999,160.959,70.9270281275058,False,False
220,HAPPSTMNDS.NS,236.0,243.8532258064516,5.315777421428848,234.0,254.0,229.52499999999986,False,True,620,196.7753086419753,66.953743993755,41.0,270.52499999999986,167.587,70.84165745520075,False,False
254,TIINDIA.NS,237.0,231.64533965244865,5.861369604163428,220.0,243.0,228.0,False,True,633,191.73515003061848,64.28064521048466,39.0,267.0,166.472,71.26939887497298,False,False
149,ELF,238.0,236.60896445131377,5.663485364167792,225.5,247.0,224.0,False,True,647,193.82027929568912,64.03359063975333,43.0,267.0,166.136,69.14802603111676,False,False
261,SUPRAJIT.NS,239.0,241.49460708782743,5.571531081295509,231.0,252.0,228.0,False,True,649,195.69254093389932,66.35729006192412,41.0,269.0,165.967,70.68083128401929,False,False
223,NEWGEN.NS,240.0,254.02644230769232,4.4644812096178175,245.5,263.0,226.0,True,True,624,200.32050492610838,68.79465825501899,43.0,269.0,166.808,68.92435807463134,False,False
231,JYOTHYLAB.NS,241.0,249.7636655948553,5.016974216927759,240.0,259.0,224.475,False,True,622,197.6091245376079,68.20656449922693,41.525000000000006,266.0,165.169,69.17981236603637,False,False
182,TTWO,242.0,237.78825347758888,5.759541606356121,226.5,248.5,232.54999999999998,False,True,647,192.88281724347297,64.20451008927077,37.45000000000002,270.0,163.829,67.96347371198739,False,False
21,RBLX,243.0,238.5523349436393,5.690069479655227,227.25,249.0,226.0,False,True,621,196.07772979642195,64.01990507299753,42.0,268.0,169.701,69.3366252351526,False,False
222,KPITTECH.NS,244.0,252.9148264984227,4.673217305633249,244.0,262.0,225.34999999999997,True,True,634,201.87086903304774,68.02902871179329,42.825,268.17499999999995,169.509,69.63514858891305,False,False
45,PCVX,245.0,235.76577287066246,5.8752766592075725,223.9125,246.17499999999995,224.175,False,True,634,196.68818849449204,62.60581193392286,44.825,269.0,171.913,69.2863148897385,False,False
17,FROG,246.0,230.5390127388535,6.125192599064449,218.3375,242.5,226.65000000000003,False,True,628,194.25030712530713,61.81870313784682,41.675000000000004,268.32500000000005,171.461,69.65327328273955,False,False
132,WOR,247.0,242.84370139968897,5.416773383580387,232.525,253.0,218.95,False,True,643,201.18594035301277,61.41331715164031,51.050000000000004,270.0,174.4,65.9130942984776,False,False
161,AES,248.0,255.84803921568627,4.302466925558051,247.0,264.0,217.4499999999999,True,True,612,207.84801488833747,64.61860699139578,53.275000000000006,270.7249999999999,178.472,66.68344034316166,False,False
250,HONAUT.NS,249.0,248.74294670846396,4.945921225763172,239.5,259.0,218.075,True,True,638,202.66361416361417,62.87339572304111,50.925000000000004,269.0,173.265,65.11961897155112,False,False
207,SYNGENE.NS,250.0,256.637417218543,4.121919755200578,249.0,264.9625,217.85,True,True,604,207.0773067331671,64.77081653446886,51.150000000000006,269.0,177.143,65.87353452639383,False,False
89,SHAK,251.0,239.63216560509554,5.6373315296443876,229.0,250.0,217.0,False,True,628,201.07309582309583,59.38994633603161,52.0,269.0,176.858,64.82426888133794,False,False
67,SITE,252.0,245.84018264840182,5.081335287853306,236.0,255.8,214.5999999999999,False,True,657,203.7640313820157,62.01898903373601,54.0,268.5999999999999,176.12,66.55148082499743,False,False
69,AAON,253.5,247.89823717948718,5.037326707093983,237.5,257.5,219.0,False,True,624,203.35806650246306,62.64414920808989,49.0,268.0,175.565,65.9306436719679,False,False
196,DEVYANI.NS,253.5,246.9133435582822,5.1036577030059895,237.0,257.0,222.725,False,True,652,203.60018159806296,62.840485004948,47.275000000000006,270.0,175.36,66.97734243757363,False,False
18,CFLT,255.0,232.79638364779873,5.799368551940982,221.0,244.5625,220.0,False,True,636,198.67634474327627,58.24036156730102,49.0,269.0,176.976,65.70008694058174,False,False
6,ESTC,256.0,250.64493865030676,4.724471810895027,241.0,260.0,219.725,True,True,652,205.5475181598063,63.093132379084125,50.275000000000006,270.0,176.144,66.11388102357931,False,False
214,CYIENT.NS,257.0,259.89354838709676,3.9142984774080958,252.0,267.2625,214.05,True,True,620,210.72407407407408,64.42825544317729,55.95,270.0,180.239,65.47400918685216,False,False
187,RELAXO.NS,258.0,258.5595054095827,3.9504189595924735,251.0,266.0,214.85,True,True,647,210.23375834851245,64.53526592717606,55.150000000000006,270.0,178.967,66.03582293725127,False,False
25,RPD,259.0,257.66833333333335,4.174924816355646,249.5,265.5125,219.025,True,True,600,209.910625,63.36219899995086,51.975,271.0,181.256,64.9892642211004,False,False
11,GLOB,260.0,260.6671974522293,3.777962470165734,253.0,267.66249999999997,210.0,True,True,628,210.81019656019657,63.49444417809094,60.0,270.0,179.5,63.34848064476369,False,False
48,AVTR,261.0,268.6089108910891,2.744424856092706,263.0,274.0,209.875,True,True,606,218.3623910336239,62.86092839805204,63.125,273.0,187.913,62.32493426390436,False,False
134,TROX,262.0,254.75786163522014,4.504576759208053,245.9375,263.5,203.0,True,True,636,211.70843520782395,59.89392836514097,68.0,271.0,184.329,62.67046161470331,False,False
31,IONS,263.0,262.7710280373832,3.4575397591538692,255.5,269.0,199.46249999999995,True,True,642,217.4555420219245,59.75555541966409,71.025,270.48749999999995,188.363,60.75145455871818,False,False
23,TENB,264.0,261.65536277602524,3.6131871087593286,254.5,268.5,206.0,True,True,634,213.28855569155448,62.50027758073699,64.0,270.0,182.624,62.85801956791194,False,False
52,GNRC,265.0,263.48562300319486,3.338077972122469,256.0,269.6875,191.125,True,True,626,222.59409594095942,55.30098290744515,81.25,272.375,196.996,57.128346589062076,False,False
109,STEP,266.0,266.7356589147287,3.055349824541783,260.5,272.5,188.9,True,True,645,223.32188449848024,56.632317087489064,84.1,273.0,195.32,57.18462730489725,False,False
197,SAPPHIRE.NS,267.0,264.6739811912226,3.2683501939421733,258.0,271.0,200.075,True,True,638,221.72283272283272,57.33819494495697,71.92500000000001,272.0,194.32,58.74085120254898,False,False
5,VRNS,268.0,265.6666666666667,3.1271839215625423,259.0,271.6875,196.0,True,True,666,224.33313325330133,56.010069789224225,76.0,272.0,196.805,57.65682071533254,False,False
178,IART,269.0,272.6442307692308,1.788280594651494,269.0,276.0,194.425,True,True,624,225.2512315270936,59.48708307414756,80.575,275.0,195.678,58.89596179705362,False,False
74,KMX,270.0,269.6251931993818,2.4840633781864554,264.5,274.0,192.0,True,True,647,225.90012143290832,57.568547984525175,82.0,274.0,197.61,58.45574308825439,False,False
114,HLX,271.0,267.8073322932917,2.7566273958243905,262.0,273.0,191.5,True,True,641,227.13071297989032,55.358901635508936,82.0,273.5,201.057,57.303767336886324,False,False
51,OMCL,272.0,271.61290322580646,2.0604167970902223,267.5,275.0,186.0,True,True,620,229.84135802469135,54.54404285072246,89.0,275.0,203.943,55.35714724405513,False,False
46,AZTA,273.0,270.6936,2.3219214112454365,266.0,274.7,193.5,True,True,625,227.68153846153845,57.01232496253012,81.0,274.5,200.799,58.306042559926844,False,False
20,MARA,274.0,274.7187981510015,1.0521316410381463,272.5,276.0,189.0,True,True,649,229.3641600970285,57.44909984755163,87.0,276.0,199.929,56.92266647830195,False,False
86,FOXF,275.0,273.6617418351477,1.4512175663205205,270.5,276.0,171.0,True,True,643,235.738587948874,49.72798480970602,105.0,276.0,211.354,50.42049864886304,False,False
47,NEOG,276.0,275.72503840245776,0.3973450176375441,274.5,276.0,149.75,True,True,651,241.95215021199274,44.23659080445116,126.25,276.0,219.966,44.77468977000287,False,False
