score,gini_coefficient,inequality,mean,std,cv
ESG_composite,0.2655283494449434,Moderate,48.27514691543512,9.29406700979919,0.19252281150092834
financial_score,0.253468952389339,Moderate,47.96050371019448,13.992788647423888,0.29175649888807165
market_score,0.2230761867475386,Moderate,47.20255432695728,7.395660874713281,0.1566792513699617
operational_score,0.2848643418858392,Moderate,47.176074201126035,13.692710963514505,0.2902469354509929
risk_adjusted_score,0.16539851478421108,Moderate,48.59821636796863,9.495101152796641,0.1953796221837347
value_score,0.27487773227767964,Moderate,51.20658156146949,15.77007531295378,0.30796969514538364
growth_score,0.2582651894498703,Moderate,50.59371821714559,15.249821774360445,0.30141729668649503
stability_score,0.22638214575231086,Moderate,51.12998173488719,15.322738492403431,0.29968206466067243
pref_balanced,0.2317585172906742,Moderate,46.79496078771029,15.31167064249824,0.3272076818683179
