Price,Close,High,Low,Open,Volume
Ticker,^MID,^MID,^MID,^MID,^MID
Date,,,,,
2023-04-03,2511.2099609375,2524.659912109375,2492.280029296875,2512.159912109375,0
2023-04-04,2468.18994140625,2516.610107421875,2454.830078125,2511.2099609375,0
2023-04-05,2451.5400390625,2468.18994140625,2435.110107421875,2468.18994140625,0
2023-04-06,2447.090087890625,2453.780029296875,2435.570068359375,2451.5400390625,0
2023-04-10,2477.18994140625,2477.25,2437.610107421875,2447.090087890625,0
2023-04-11,2499.330078125,2509.699951171875,2477.18994140625,2477.18994140625,0
2023-04-12,2485.419921875,2519.909912109375,2483.3701171875,2499.330078125,0
2023-04-13,2502.56005859375,2507.830078125,2478.22998046875,2485.419921875,0
2023-04-14,2489.469970703125,2519.070068359375,2475.679931640625,2502.56005859375,0
2023-04-17,2508.419921875,2508.639892578125,2487.3701171875,2489.469970703125,0
2023-04-18,2505.139892578125,2521.010009765625,2493.860107421875,2508.419921875,0
2023-04-19,2509.719970703125,2512.7099609375,2490.4599609375,2505.139892578125,0
2023-04-20,2500.27001953125,2510.360107421875,2492.8798828125,2509.719970703125,0
2023-04-21,2498.830078125,2504.050048828125,2480.7900390625,2500.27001953125,0
2023-04-24,2499.449951171875,2509.7900390625,2488.75,2498.830078125,0
2023-04-25,2451.31005859375,2499.449951171875,2451.260009765625,2499.449951171875,0
2023-04-26,2430.169921875,2454.89990234375,2426.31005859375,2451.31005859375,0
2023-04-27,2467.360107421875,2469.330078125,2428.010009765625,2430.169921875,0
2023-04-28,2490.39990234375,2493.550048828125,2464.510009765625,2467.360107421875,0
2023-05-01,2490.110107421875,2509.43994140625,2486.1298828125,2490.39990234375,0
2023-05-02,2454.56005859375,2490.110107421875,2422.97998046875,2490.110107421875,0
2023-05-03,2451.719970703125,2494.93994140625,2450.070068359375,2454.56005859375,0
2023-05-04,2410.219970703125,2451.719970703125,2398.340087890625,2451.719970703125,0
2023-05-05,2461.10009765625,2467.85009765625,2410.219970703125,2410.219970703125,0
2023-05-08,2453.8701171875,2473.530029296875,2445.919921875,2461.10009765625,0
2023-05-09,2444.860107421875,2453.8701171875,2433.64990234375,2453.8701171875,0
2023-05-10,2449.02001953125,2471.06005859375,2424.9599609375,2444.860107421875,0
2023-05-11,2433.18994140625,2449.02001953125,2421.989990234375,2449.02001953125,0
2023-05-12,2432.72998046875,2447.219970703125,2416.89990234375,2433.18994140625,0
2023-05-15,2451.449951171875,2459.780029296875,2432.5400390625,2432.72998046875,0
2023-05-16,2416.43994140625,2451.449951171875,2416.409912109375,2451.449951171875,0
2023-05-17,2458.22998046875,2461.739990234375,2416.43994140625,2416.43994140625,0
2023-05-18,2477.8701171875,2481.179931640625,2447.1201171875,2458.22998046875,0
2023-05-19,2455.889892578125,2490.110107421875,2447.969970703125,2477.8701171875,0
2023-05-22,2468.679931640625,2478.0,2449.8798828125,2455.889892578125,0
2023-05-23,2444.2900390625,2478.3798828125,2443.489990234375,2468.679931640625,0
2023-05-24,2419.830078125,2444.2900390625,2411.610107421875,2444.2900390625,0
2023-05-25,2419.800048828125,2425.85009765625,2400.0,2419.830078125,0
2023-05-26,2442.85009765625,2446.550048828125,2419.68994140625,2419.800048828125,0
2023-05-30,2440.3701171875,2459.010009765625,2431.679931640625,2442.85009765625,0
2023-05-31,2406.669921875,2440.3701171875,2392.77001953125,2440.3701171875,0
2023-06-01,2426.25,2431.889892578125,2398.550048828125,2406.669921875,0
2023-06-02,2505.550048828125,2506.7900390625,2426.25,2426.25,0
2023-06-05,2479.300048828125,2505.550048828125,2466.550048828125,2505.550048828125,0
2023-06-06,2530.239990234375,2534.0400390625,2474.530029296875,2479.300048828125,0
2023-06-07,2568.610107421875,2572.9599609375,2530.239990234375,2530.239990234375,0
2023-06-08,2557.280029296875,2568.610107421875,2542.31005859375,2568.610107421875,0
2023-06-09,2542.3701171875,2557.760009765625,2535.47998046875,2557.280029296875,0
2023-06-12,2555.14990234375,2560.030029296875,2534.14990234375,2542.3701171875,0
2023-06-13,2582.75,2591.330078125,2555.14990234375,2555.14990234375,0
2023-06-14,2566.550048828125,2600.7099609375,2551.179931640625,2582.75,0
2023-06-15,2590.52001953125,2592.27001953125,2555.8798828125,2566.550048828125,0
2023-06-16,2580.070068359375,2604.0400390625,2571.2900390625,2590.52001953125,0
2023-06-20,2561.260009765625,2580.070068359375,2548.860107421875,2580.070068359375,0
2023-06-21,2558.2099609375,2568.85009765625,2545.010009765625,2561.260009765625,0
2023-06-22,2544.070068359375,2558.2099609375,2532.530029296875,2558.2099609375,0
2023-06-23,2514.93994140625,2544.070068359375,2512.93994140625,2544.070068359375,0
2023-06-26,2534.510009765625,2547.25,2514.93994140625,2514.93994140625,0
2023-06-27,2575.330078125,2579.7099609375,2534.47998046875,2534.510009765625,0
2023-06-28,2575.0,2575.949951171875,2560.409912109375,2575.330078125,0
2023-06-29,2605.360107421875,2606.110107421875,2574.830078125,2575.0,0
2023-06-30,2622.340087890625,2632.5400390625,2605.360107421875,2605.360107421875,0
2023-07-03,2630.47998046875,2636.110107421875,2618.800048828125,2622.340087890625,0
2023-07-05,2607.199951171875,2630.47998046875,2603.85009765625,2630.47998046875,0
2023-07-06,2579.2900390625,2607.199951171875,2554.9599609375,2607.199951171875,0
2023-07-07,2603.239990234375,2625.080078125,2578.669921875,2579.2900390625,0
2023-07-10,2635.77001953125,2636.469970703125,2598.219970703125,2603.239990234375,0
2023-07-11,2665.22998046875,2668.199951171875,2635.77001953125,2635.77001953125,0
2023-07-12,2684.1201171875,2697.360107421875,2665.22998046875,2665.22998046875,0
2023-07-13,2699.43994140625,2702.199951171875,2684.1201171875,2684.1201171875,0
2023-07-14,2673.93994140625,2699.43994140625,2663.110107421875,2699.43994140625,0
2023-07-17,2690.820068359375,2696.909912109375,2664.429931640625,2673.93994140625,0
2023-07-18,2716.2099609375,2718.699951171875,2690.56005859375,2690.820068359375,0
2023-07-19,2725.889892578125,2730.260009765625,2714.64990234375,2716.2099609375,0
2023-07-20,2711.719970703125,2729.85009765625,2701.669921875,2725.889892578125,0
2023-07-21,2705.820068359375,2725.3701171875,2703.1201171875,2711.719970703125,0
2023-07-24,2708.860107421875,2722.64990234375,2701.159912109375,2705.820068359375,0
2023-07-25,2714.1298828125,2726.590087890625,2700.840087890625,2708.860107421875,0
2023-07-26,2727.699951171875,2734.699951171875,2708.93994140625,2714.1298828125,0
2023-07-27,2694.6201171875,2743.010009765625,2688.800048828125,2727.699951171875,0
2023-07-28,2716.8798828125,2724.860107421875,2694.6201171875,2694.6201171875,0
2023-07-31,2728.43994140625,2733.300048828125,2716.8798828125,2716.8798828125,0
2023-08-01,2721.860107421875,2728.43994140625,2706.2900390625,2728.43994140625,0
2023-08-02,2691.6201171875,2721.860107421875,2681.820068359375,2721.860107421875,0
2023-08-03,2682.489990234375,2692.43994140625,2665.43994140625,2691.6201171875,0
2023-08-04,2681.580078125,2709.25,2678.070068359375,2682.489990234375,0
2023-08-07,2703.14990234375,2704.320068359375,2681.580078125,2681.580078125,0
2023-08-08,2679.35009765625,2703.14990234375,2652.1201171875,2703.14990234375,0
2023-08-09,2665.6201171875,2680.860107421875,2658.800048828125,2679.35009765625,0
2023-08-10,2661.080078125,2695.110107421875,2652.22998046875,2665.6201171875,0
2023-08-11,2660.550048828125,2668.72998046875,2651.469970703125,2661.080078125,0
2023-08-14,2664.840087890625,2665.1201171875,2640.219970703125,2660.550048828125,0
2023-08-15,2628.81005859375,2664.840087890625,2627.64990234375,2664.840087890625,0
2023-08-16,2604.330078125,2637.43994140625,2604.330078125,2628.81005859375,0
2023-08-17,2571.010009765625,2614.6298828125,2570.7900390625,2604.330078125,0
2023-08-18,2578.860107421875,2584.070068359375,2551.3798828125,2571.010009765625,0
2023-08-21,2581.330078125,2587.159912109375,2561.75,2578.860107421875,0
2023-08-22,2568.489990234375,2589.9599609375,2564.949951171875,2581.330078125,0
2023-08-23,2597.139892578125,2598.3701171875,2563.739990234375,2568.489990234375,0
2023-08-24,2570.68994140625,2610.8798828125,2570.52001953125,2597.139892578125,0
2023-08-25,2579.199951171875,2590.8798828125,2554.1201171875,2570.68994140625,0
2023-08-28,2602.330078125,2615.8701171875,2579.199951171875,2579.199951171875,0
2023-08-29,2638.60009765625,2638.780029296875,2596.139892578125,2602.330078125,0
2023-08-30,2644.7900390625,2654.219970703125,2636.739990234375,2638.60009765625,0
2023-08-31,2645.469970703125,2659.1201171875,2644.7900390625,2644.7900390625,0
2023-09-01,2669.679931640625,2675.010009765625,2645.469970703125,2645.469970703125,0
2023-09-05,2608.919921875,2669.679931640625,2608.89990234375,2669.679931640625,0
2023-09-06,2601.0400390625,2622.669921875,2588.77001953125,2608.919921875,0
2023-09-07,2577.070068359375,2601.0400390625,2569.080078125,2601.0400390625,0
2023-09-08,2574.530029296875,2584.5,2569.93994140625,2577.070068359375,0
2023-09-11,2577.719970703125,2594.570068359375,2574.530029296875,2574.530029296875,0
2023-09-12,2578.669921875,2590.679931640625,2572.56005859375,2577.719970703125,0
2023-09-13,2563.030029296875,2579.719970703125,2553.6298828125,2578.669921875,0
2023-09-14,2594.47998046875,2595.860107421875,2563.030029296875,2563.030029296875,0
2023-09-15,2567.330078125,2594.47998046875,2560.110107421875,2594.47998046875,0
2023-09-18,2564.300048828125,2574.260009765625,2558.919921875,2567.330078125,0
2023-09-19,2558.639892578125,2573.360107421875,2550.5400390625,2564.300048828125,0
2023-09-20,2545.219970703125,2581.780029296875,2544.610107421875,2558.639892578125,0
2023-09-21,2498.860107421875,2545.219970703125,2498.77001953125,2545.219970703125,0
2023-09-22,2495.510009765625,2513.06005859375,2495.0400390625,2498.860107421875,0
2023-09-25,2509.9599609375,2513.929931640625,2485.5400390625,2495.510009765625,0
2023-09-26,2471.090087890625,2509.9599609375,2470.760009765625,2509.9599609375,0
2023-09-27,2485.0400390625,2496.43994140625,2467.669921875,2471.090087890625,0
2023-09-28,2511.050048828125,2521.75,2484.330078125,2485.0400390625,0
2023-09-29,2502.1201171875,2534.2900390625,2499.1298828125,2511.050048828125,0
2023-10-02,2468.320068359375,2502.1201171875,2458.199951171875,2502.1201171875,0
2023-10-03,2428.35009765625,2468.320068359375,2418.5400390625,2468.320068359375,0
2023-10-04,2440.9599609375,2443.1201171875,2410.080078125,2428.35009765625,0
2023-10-05,2435.860107421875,2445.93994140625,2422.27001953125,2440.9599609375,0
2023-10-06,2455.429931640625,2469.110107421875,2413.969970703125,2435.860107421875,0
2023-10-09,2473.989990234375,2480.3701171875,2442.280029296875,2455.429931640625,0
2023-10-10,2497.3701171875,2513.419921875,2473.989990234375,2473.989990234375,0
2023-10-11,2505.330078125,2514.840087890625,2487.7099609375,2497.3701171875,0
2023-10-12,2457.550048828125,2507.550048828125,2443.77001953125,2505.330078125,0
2023-10-13,2442.800048828125,2466.14990234375,2434.830078125,2457.550048828125,0
2023-10-16,2482.5,2487.06005859375,2442.800048828125,2442.800048828125,0
2023-10-17,2511.14990234375,2528.330078125,2469.3798828125,2482.5,0
2023-10-18,2456.330078125,2511.14990234375,2455.010009765625,2511.14990234375,0
2023-10-19,2420.14990234375,2465.080078125,2412.5400390625,2456.330078125,0
2023-10-20,2393.280029296875,2425.85009765625,2391.10009765625,2420.14990234375,0
2023-10-23,2370.669921875,2399.159912109375,2368.760009765625,2393.280029296875,0
2023-10-24,2383.639892578125,2399.77001953125,2370.669921875,2370.669921875,0
2023-10-25,2346.60009765625,2383.639892578125,2344.780029296875,2383.639892578125,0
2023-10-26,2357.93994140625,2375.18994140625,2346.60009765625,2346.60009765625,0
2023-10-27,2326.820068359375,2363.68994140625,2322.3798828125,2357.93994140625,0
2023-10-30,2345.080078125,2353.260009765625,2324.97998046875,2326.820068359375,0
2023-10-31,2366.39990234375,2370.260009765625,2345.080078125,2345.080078125,0
2023-11-01,2381.139892578125,2381.139892578125,2348.47998046875,2366.39990234375,0
2023-11-02,2430.75,2432.18994140625,2381.139892578125,2381.139892578125,0
2023-11-03,2478.340087890625,2490.969970703125,2430.75,2430.75,0
2023-11-06,2455.110107421875,2480.18994140625,2446.68994140625,2478.340087890625,0
2023-11-07,2447.340087890625,2455.110107421875,2435.260009765625,2455.110107421875,0
2023-11-08,2436.070068359375,2457.489990234375,2432.889892578125,2447.340087890625,0
2023-11-09,2409.27001953125,2445.889892578125,2406.3798828125,2436.070068359375,0
2023-11-10,2439.6201171875,2439.800048828125,2407.5,2409.27001953125,0
2023-11-13,2436.25,2443.010009765625,2424.89990234375,2439.6201171875,0
2023-11-14,2530.27001953125,2536.590087890625,2436.25,2436.25,0
2023-11-15,2541.9599609375,2568.199951171875,2530.27001953125,2530.27001953125,0
2023-11-16,2515.570068359375,2541.9599609375,2507.639892578125,2541.9599609375,0
2023-11-17,2536.780029296875,2541.179931640625,2515.570068359375,2515.570068359375,0
2023-11-20,2546.8798828125,2552.320068359375,2525.75,2536.780029296875,0
2023-11-21,2534.25,2546.8798828125,2533.22998046875,2546.8798828125,0
2023-11-22,2549.050048828125,2557.669921875,2534.25,2534.25,0
2023-11-24,2560.330078125,2564.0,2545.860107421875,2549.050048828125,0
2023-11-27,2556.860107421875,2561.6298828125,2541.22998046875,2560.330078125,0
2023-11-28,2539.239990234375,2558.919921875,2537.3798828125,2556.860107421875,0
2023-11-29,2549.010009765625,2574.389892578125,2539.239990234375,2539.239990234375,0
2023-11-30,2563.6201171875,2565.8701171875,2543.949951171875,2549.010009765625,0
2023-12-01,2625.580078125,2626.3798828125,2555.590087890625,2563.6201171875,0
2023-12-04,2646.080078125,2647.969970703125,2613.31005859375,2625.580078125,0
2023-12-05,2610.6201171875,2646.080078125,2607.0,2646.080078125,0
2023-12-06,2606.3701171875,2648.06005859375,2605.159912109375,2610.6201171875,0
2023-12-07,2620.679931640625,2620.7099609375,2603.0,2606.3701171875,0
2023-12-08,2632.090087890625,2642.570068359375,2616.81005859375,2620.679931640625,0
2023-12-11,2645.949951171875,2648.550048828125,2629.81005859375,2632.090087890625,0
2023-12-12,2640.5,2651.719970703125,2630.919921875,2645.949951171875,0
2023-12-13,2706.72998046875,2707.18994140625,2629.570068359375,2640.5,0
2023-12-14,2770.929931640625,2779.449951171875,2706.72998046875,2706.72998046875,0
2023-12-15,2745.60009765625,2770.929931640625,2738.429931640625,2770.929931640625,0
2023-12-18,2750.429931640625,2760.800048828125,2744.389892578125,2745.60009765625,0
2023-12-19,2784.409912109375,2786.449951171875,2750.429931640625,2750.429931640625,0
2023-12-20,2741.510009765625,2799.56005859375,2741.360107421875,2784.409912109375,0
2023-12-21,2778.1201171875,2779.169921875,2741.510009765625,2741.510009765625,0
2023-12-22,2787.530029296875,2800.989990234375,2776.8798828125,2778.1201171875,0
2023-12-26,2808.7900390625,2817.9599609375,2787.530029296875,2787.530029296875,0
2023-12-27,2809.22998046875,2817.659912109375,2802.080078125,2808.7900390625,0
2023-12-28,2807.0,2813.199951171875,2798.85009765625,2809.22998046875,0
2023-12-29,2781.5400390625,2807.0,2781.070068359375,2807.0,0
2024-01-02,2772.1298828125,2788.510009765625,2759.219970703125,2781.5400390625,0
2024-01-03,2708.800048828125,2772.1298828125,2707.320068359375,2772.1298828125,0
2024-01-04,2704.0400390625,2720.090087890625,2702.139892578125,2708.800048828125,0
2024-01-05,2712.5,2729.81005859375,2690.610107421875,2704.0400390625,0
2024-01-08,2747.489990234375,2747.5,2704.949951171875,2712.5,0
2024-01-09,2730.510009765625,2747.489990234375,2717.610107421875,2747.489990234375,0
2024-01-10,2737.169921875,2740.679931640625,2717.280029296875,2730.510009765625,0
2024-01-11,2730.590087890625,2737.169921875,2704.580078125,2737.169921875,0
2024-01-12,2728.6298828125,2760.139892578125,2720.610107421875,2730.590087890625,0
2024-01-16,2711.02001953125,2728.6298828125,2697.81005859375,2728.6298828125,0
2024-01-17,2691.7900390625,2711.02001953125,2677.800048828125,2711.02001953125,0
2024-01-18,2713.639892578125,2715.5,2686.77001953125,2691.7900390625,0
2024-01-19,2740.9599609375,2742.929931640625,2704.419921875,2713.639892578125,0
2024-01-22,2771.77001953125,2778.39990234375,2740.9599609375,2740.9599609375,0
2024-01-23,2761.0,2788.8701171875,2752.510009765625,2771.77001953125,0
2024-01-24,2744.110107421875,2784.050048828125,2741.889892578125,2761.0,0
2024-01-25,2759.989990234375,2771.22998046875,2744.110107421875,2744.110107421875,0
2024-01-26,2763.77001953125,2777.800048828125,2757.8798828125,2759.989990234375,0
2024-01-29,2789.239990234375,2789.340087890625,2755.4599609375,2763.77001953125,0
2024-01-30,2783.5400390625,2790.550048828125,2773.550048828125,2789.239990234375,0
2024-01-31,2732.179931640625,2788.159912109375,2730.3701171875,2783.5400390625,0
2024-02-01,2767.419921875,2768.659912109375,2716.830078125,2732.179931640625,0
2024-02-02,2767.14990234375,2778.85009765625,2734.77001953125,2767.419921875,0
2024-02-05,2736.360107421875,2767.14990234375,2715.330078125,2767.14990234375,0
2024-02-06,2749.419921875,2751.139892578125,2733.239990234375,2736.360107421875,0
2024-02-07,2762.35009765625,2773.699951171875,2740.840087890625,2749.419921875,0
2024-02-08,2787.39990234375,2789.0,2760.260009765625,2762.35009765625,0
2024-02-09,2808.469970703125,2809.68994140625,2786.2099609375,2787.39990234375,0
2024-02-12,2834.340087890625,2844.570068359375,2808.469970703125,2808.469970703125,0
2024-02-13,2765.080078125,2834.340087890625,2745.22998046875,2834.340087890625,0
2024-02-14,2804.919921875,2809.639892578125,2765.080078125,2765.080078125,0
2024-02-15,2854.81005859375,2857.93994140625,2804.919921875,2804.919921875,0
2024-02-16,2828.300048828125,2857.030029296875,2828.199951171875,2854.81005859375,0
2024-02-20,2807.9599609375,2828.300048828125,2795.68994140625,2828.300048828125,0
2024-02-21,2813.169921875,2814.77001953125,2794.929931640625,2807.9599609375,0
2024-02-22,2855.10009765625,2858.070068359375,2813.169921875,2813.169921875,0
2024-02-23,2858.02001953125,2866.85009765625,2846.570068359375,2855.10009765625,0
2024-02-26,2854.47998046875,2868.77001953125,2847.27001953125,2858.02001953125,0
2024-02-27,2866.760009765625,2868.39990234375,2854.47998046875,2854.47998046875,0
2024-02-28,2867.0400390625,2875.320068359375,2849.06005859375,2866.760009765625,0
2024-02-29,2890.669921875,2896.669921875,2867.0400390625,2867.0400390625,0
2024-03-01,2910.659912109375,2911.60009765625,2880.6201171875,2890.669921875,0
2024-03-04,2930.659912109375,2945.860107421875,2910.659912109375,2910.659912109375,0
2024-03-05,2921.39990234375,2936.699951171875,2909.699951171875,2930.659912109375,0
2024-03-06,2940.489990234375,2950.530029296875,2921.39990234375,2921.39990234375,0
2024-03-07,2968.5400390625,2971.5400390625,2940.489990234375,2940.489990234375,0
2024-03-08,2952.389892578125,2994.56005859375,2946.320068359375,2968.5400390625,0
2024-03-11,2938.989990234375,2952.389892578125,2922.760009765625,2952.389892578125,0
2024-03-12,2953.639892578125,2959.919921875,2932.7099609375,2938.989990234375,0
2024-03-13,2963.780029296875,2973.919921875,2953.639892578125,2953.639892578125,0
2024-03-14,2926.300048828125,2964.52001953125,2907.06005859375,2963.780029296875,0
2024-03-15,2923.760009765625,2938.3798828125,2911.830078125,2926.300048828125,0
2024-03-18,2918.02001953125,2934.489990234375,2917.419921875,2923.760009765625,0
2024-03-19,2939.669921875,2942.1298828125,2912.639892578125,2918.02001953125,0
2024-03-20,2979.590087890625,2985.8701171875,2935.02001953125,2939.669921875,0
2024-03-21,3013.239990234375,3018.64990234375,2979.590087890625,2979.590087890625,0
2024-03-22,2991.260009765625,3015.179931640625,2987.760009765625,3013.239990234375,0
2024-03-25,2990.6298828125,3005.8701171875,2990.320068359375,2991.260009765625,0
2024-03-26,2985.389892578125,3003.169921875,2985.159912109375,2990.6298828125,0
2024-03-27,3034.340087890625,3034.35009765625,2985.389892578125,2985.389892578125,0
2024-03-28,3046.360107421875,3056.489990234375,3034.340087890625,3034.340087890625,0
2024-04-01,3024.81005859375,3047.469970703125,3022.6201171875,3046.360107421875,0
2024-04-02,2986.18994140625,3024.81005859375,2973.949951171875,3024.81005859375,0
2024-04-03,2996.31005859375,3001.1201171875,2976.419921875,2986.18994140625,0
2024-04-04,2964.610107421875,3024.1298828125,2958.469970703125,2996.31005859375,0
2024-04-05,2989.159912109375,2996.820068359375,2963.419921875,2964.610107421875,0
2024-04-08,3001.919921875,3010.47998046875,2989.159912109375,2989.159912109375,0
2024-04-09,3005.1201171875,3015.8798828125,2982.6298828125,3001.919921875,0
2024-04-10,2945.14990234375,3005.1201171875,2935.0400390625,3005.1201171875,0
2024-04-11,2946.580078125,2954.889892578125,2927.22998046875,2945.14990234375,0
2024-04-12,2899.719970703125,2946.580078125,2891.389892578125,2946.580078125,0
2024-04-15,2868.8798828125,2930.639892578125,2859.8701171875,2899.719970703125,0
2024-04-16,2854.8701171875,2868.8798828125,2836.449951171875,2868.8798828125,0
2024-04-17,2831.239990234375,2871.43994140625,2831.070068359375,2854.8701171875,0
2024-04-18,2825.93994140625,2856.39990234375,2818.010009765625,2831.239990234375,0
2024-04-19,2836.8798828125,2845.14990234375,2818.909912109375,2825.93994140625,0
2024-04-22,2862.969970703125,2879.64990234375,2833.909912109375,2836.8798828125,0
2024-04-23,2899.419921875,2908.340087890625,2862.969970703125,2862.969970703125,0
2024-04-24,2900.8798828125,2912.419921875,2881.110107421875,2899.419921875,0
2024-04-25,2886.889892578125,2900.8798828125,2855.31005859375,2900.8798828125,0
2024-04-26,2895.239990234375,2908.010009765625,2882.550048828125,2886.889892578125,0
2024-04-29,2912.219970703125,2918.39990234375,2895.239990234375,2895.239990234375,0
2024-04-30,2861.110107421875,2912.219970703125,2860.72998046875,2912.219970703125,0
2024-05-01,2864.35009765625,2910.330078125,2852.27001953125,2861.110107421875,0
2024-05-02,2900.699951171875,2905.0400390625,2860.830078125,2864.35009765625,0
2024-05-03,2929.0400390625,2952.699951171875,2900.699951171875,2900.699951171875,0
2024-05-06,2970.0400390625,2970.6201171875,2929.0400390625,2929.0400390625,0
2024-05-07,2975.8701171875,2992.81005859375,2970.0400390625,2970.0400390625,0
2024-05-08,2967.909912109375,2975.8701171875,2957.47998046875,2975.8701171875,0
2024-05-09,2996.3701171875,2997.050048828125,2965.3798828125,2967.909912109375,0
2024-05-10,2993.9599609375,3007.320068359375,2987.570068359375,2996.3701171875,0
2024-05-13,2991.169921875,3019.010009765625,2990.3798828125,2993.9599609375,0
2024-05-14,3020.389892578125,3023.030029296875,2991.169921875,2991.169921875,0
2024-05-15,3040.280029296875,3045.75,3020.389892578125,3020.389892578125,0
2024-05-16,3014.570068359375,3040.280029296875,3014.2099609375,3040.280029296875,0
2024-05-17,3016.25,3019.2099609375,3007.22998046875,3014.570068359375,0
2024-05-20,3019.64990234375,3028.719970703125,3013.590087890625,3016.25,0
2024-05-21,3014.510009765625,3019.64990234375,3006.6298828125,3019.64990234375,0
2024-05-22,2990.090087890625,3014.510009765625,2981.550048828125,3014.510009765625,0
2024-05-23,2951.93994140625,2999.760009765625,2946.8701171875,2990.090087890625,0
2024-05-24,2976.669921875,2978.219970703125,2951.93994140625,2951.93994140625,0
2024-05-28,2957.39990234375,2986.72998046875,2950.14990234375,2976.669921875,0
2024-05-29,2919.56005859375,2957.39990234375,2916.239990234375,2957.39990234375,0
2024-05-30,2949.5400390625,2955.02001953125,2919.56005859375,2919.56005859375,0
2024-05-31,2982.860107421875,2983.080078125,2942.35009765625,2949.5400390625,0
2024-06-03,2959.93994140625,3003.2099609375,2941.780029296875,2982.860107421875,0
2024-06-04,2921.010009765625,2959.93994140625,2919.010009765625,2959.93994140625,0
2024-06-05,2951.6201171875,2953.27001953125,2919.800048828125,2921.010009765625,0
2024-06-06,2943.219970703125,2953.489990234375,2932.090087890625,2951.6201171875,0
2024-06-07,2920.699951171875,2943.219970703125,2915.320068359375,2943.219970703125,0
2024-06-10,2926.280029296875,2929.8701171875,2896.85009765625,2920.699951171875,0
2024-06-11,2913.8701171875,2926.280029296875,2890.22998046875,2926.280029296875,0
2024-06-12,2951.969970703125,2986.429931640625,2913.8701171875,2913.8701171875,0
2024-06-13,2935.159912109375,2951.969970703125,2917.830078125,2951.969970703125,0
2024-06-14,2895.31005859375,2935.159912109375,2878.530029296875,2935.159912109375,0
2024-06-17,2921.18994140625,2923.139892578125,2886.030029296875,2895.31005859375,0
2024-06-18,2929.75,2935.949951171875,2919.199951171875,2921.18994140625,0
2024-06-20,2920.8798828125,2937.530029296875,2914.659912109375,2929.75,0
2024-06-21,2931.860107421875,2931.8701171875,2906.179931640625,2920.8798828125,0
2024-06-24,2950.530029296875,2966.919921875,2931.860107421875,2931.860107421875,0
2024-06-25,2921.280029296875,2950.530029296875,2911.6298828125,2950.530029296875,0
2024-06-26,2912.389892578125,2921.280029296875,2903.68994140625,2921.280029296875,0
2024-06-27,2922.81005859375,2923.050048828125,2908.409912109375,2912.389892578125,0
2024-06-28,2930.090087890625,2948.760009765625,2912.919921875,2922.81005859375,0
2024-07-01,2900.550048828125,2941.47998046875,2898.169921875,2930.090087890625,0
2024-07-02,2910.610107421875,2912.570068359375,2897.179931640625,2900.550048828125,0
2024-07-03,2917.860107421875,2931.43994140625,2910.610107421875,2910.610107421875,0
2024-07-05,2895.800048828125,2917.860107421875,2889.02001953125,2917.860107421875,0
2024-07-08,2905.64990234375,2921.85009765625,2895.800048828125,2895.800048828125,0
2024-07-09,2887.469970703125,2908.889892578125,2887.030029296875,2905.64990234375,0
2024-07-10,2922.469970703125,2923.669921875,2887.469970703125,2887.469970703125,0
2024-07-11,2993.9599609375,2998.570068359375,2922.469970703125,2922.469970703125,0
2024-07-12,3020.7099609375,3038.590087890625,2993.9599609375,2993.9599609375,0
2024-07-15,3039.159912109375,3060.56005859375,3020.7099609375,3020.7099609375,0
2024-07-16,3115.02001953125,3117.449951171875,3039.159912109375,3039.159912109375,0
2024-07-17,3070.3701171875,3119.179931640625,3070.3701171875,3115.02001953125,0
2024-07-18,3036.85009765625,3104.3798828125,3028.93994140625,3070.3701171875,0
2024-07-19,3015.300048828125,3036.85009765625,3006.56005859375,3036.85009765625,0
2024-07-22,3052.570068359375,3054.7099609375,3002.590087890625,3015.300048828125,0
2024-07-23,3058.679931640625,3067.9599609375,3040.830078125,3052.570068359375,0
2024-07-24,2998.47998046875,3061.419921875,2997.760009765625,3058.679931640625,0
2024-07-25,3025.550048828125,3068.27001953125,2998.47998046875,2998.47998046875,0
2024-07-26,3074.9599609375,3081.409912109375,3025.550048828125,3025.550048828125,0
2024-07-29,3069.719970703125,3090.3701171875,3061.840087890625,3074.9599609375,0
2024-07-30,3079.81005859375,3092.22998046875,3064.550048828125,3069.719970703125,0
2024-07-31,3098.1298828125,3143.02001953125,3079.81005859375,3079.81005859375,0
2024-08-01,3033.050048828125,3120.780029296875,3010.8798828125,3098.1298828125,0
2024-08-02,2948.010009765625,3033.050048828125,2916.300048828125,3033.050048828125,0
2024-08-05,2868.1298828125,2948.010009765625,2810.14990234375,2948.010009765625,0
2024-08-06,2897.030029296875,2931.919921875,2862.669921875,2868.1298828125,0
2024-08-07,2873.4599609375,2946.330078125,2871.830078125,2897.030029296875,0
2024-08-08,2936.39990234375,2938.010009765625,2873.4599609375,2873.4599609375,0
2024-08-09,2935.550048828125,2943.4599609375,2916.1201171875,2936.39990234375,0
2024-08-12,2916.030029296875,2942.75,2911.25,2935.550048828125,0
2024-08-13,2954.64990234375,2959.199951171875,2916.030029296875,2916.030029296875,0
2024-08-14,2953.52001953125,2967.1201171875,2943.110107421875,2954.64990234375,0
2024-08-15,3009.1201171875,3019.25,2953.52001953125,2953.52001953125,0
2024-08-16,3011.3798828125,3020.93994140625,2999.75,3009.1201171875,0
2024-08-19,3038.840087890625,3038.909912109375,3011.3798828125,3011.3798828125,0
2024-08-20,3011.699951171875,3038.840087890625,3006.889892578125,3038.840087890625,0
2024-08-21,3050.739990234375,3050.739990234375,3011.699951171875,3011.699951171875,0
2024-08-22,3030.070068359375,3056.949951171875,3026.0400390625,3050.739990234375,0
2024-08-23,3096.25,3104.070068359375,3030.070068359375,3030.070068359375,0
2024-08-26,3085.56005859375,3117.919921875,3084.320068359375,3096.25,0
2024-08-27,3075.159912109375,3085.56005859375,3063.389892578125,3085.56005859375,0
2024-08-28,3059.570068359375,3075.159912109375,3046.5,3075.159912109375,0
2024-08-29,3068.97998046875,3094.580078125,3054.679931640625,3059.570068359375,0
2024-08-30,3091.52001953125,3092.06005859375,3053.919921875,3068.97998046875,0
2024-09-03,3011.81005859375,3091.52001953125,3003.10009765625,3091.52001953125,0
2024-09-04,3002.610107421875,3022.97998046875,2993.97998046875,3011.81005859375,0
2024-09-05,2980.860107421875,3006.090087890625,2973.110107421875,3002.610107421875,0
2024-09-06,2939.409912109375,2998.090087890625,2936.18994140625,2980.860107421875,0
2024-09-09,2952.969970703125,2971.8798828125,2939.409912109375,2939.409912109375,0
2024-09-10,2947.7900390625,2958.139892578125,2924.6201171875,2952.969970703125,0
2024-09-11,2959.840087890625,2961.590087890625,2894.489990234375,2947.7900390625,0
2024-09-12,2983.360107421875,2989.830078125,2948.77001953125,2959.840087890625,0
2024-09-13,3034.340087890625,3037.389892578125,2983.360107421875,2983.360107421875,0
2024-09-16,3053.929931640625,3057.39990234375,3034.340087890625,3034.340087890625,0
2024-09-17,3070.300048828125,3090.56005859375,3053.929931640625,3053.929931640625,0
2024-09-18,3071.93994140625,3122.590087890625,3062.010009765625,3070.300048828125,0
2024-09-19,3124.919921875,3130.72998046875,3071.93994140625,3071.93994140625,0
2024-09-20,3103.320068359375,3124.919921875,3091.75,3124.919921875,0
2024-09-23,3119.449951171875,3122.39990234375,3103.320068359375,3103.320068359375,0
2024-09-24,3118.93994140625,3133.260009765625,3115.510009765625,3119.449951171875,0
2024-09-25,3089.02001953125,3123.050048828125,3083.31005859375,3118.93994140625,0
2024-09-26,3115.699951171875,3131.06005859375,3089.02001953125,3089.02001953125,0
2024-09-27,3119.239990234375,3145.5400390625,3108.219970703125,3115.699951171875,0
2024-09-30,3121.93994140625,3124.580078125,3092.77001953125,3119.239990234375,0
2024-10-01,3094.699951171875,3121.93994140625,3073.2099609375,3121.93994140625,0
2024-10-02,3097.179931640625,3109.050048828125,3080.3701171875,3094.699951171875,0
2024-10-03,3088.2099609375,3097.179931640625,3067.1298828125,3097.179931640625,0
2024-10-04,3118.260009765625,3127.139892578125,3088.2099609375,3088.2099609375,0
2024-10-07,3095.22998046875,3118.260009765625,3079.510009765625,3118.260009765625,0
2024-10-08,3096.610107421875,3107.510009765625,3083.610107421875,3095.22998046875,0
2024-10-09,3117.60009765625,3126.8701171875,3094.530029296875,3096.610107421875,0
2024-10-10,3103.7099609375,3117.60009765625,3088.35009765625,3117.60009765625,0
2024-10-11,3153.590087890625,3155.22998046875,3103.7099609375,3103.7099609375,0
2024-10-14,3172.669921875,3175.3701171875,3145.35009765625,3153.590087890625,0
2024-10-15,3164.1201171875,3200.64990234375,3163.909912109375,3172.669921875,0
2024-10-16,3193.1201171875,3202.300048828125,3164.1201171875,3164.1201171875,0
2024-10-17,3197.93994140625,3204.7099609375,3189.0,3193.1201171875,0
2024-10-18,3198.2099609375,3204.1298828125,3189.159912109375,3197.93994140625,0
2024-10-21,3160.22998046875,3198.2099609375,3156.2099609375,3198.2099609375,0
2024-10-22,3143.52001953125,3160.22998046875,3129.14990234375,3160.22998046875,0
2024-10-23,3122.4599609375,3140.110107421875,3102.300048828125,3139.31005859375,0
2024-10-24,3127.719970703125,3134.280029296875,3114.5400390625,3122.4599609375,0
2024-10-25,3107.510009765625,3140.2900390625,3101.89990234375,3127.719970703125,0
2024-10-28,3138.830078125,3146.070068359375,3107.510009765625,3107.510009765625,0
2024-10-29,3142.1298828125,3143.330078125,3113.8701171875,3138.830078125,0
2024-10-30,3138.389892578125,3173.60009765625,3130.9599609375,3142.1298828125,0
2024-10-31,3098.0,3138.389892578125,3098.0,3138.389892578125,0
2024-11-01,3102.85009765625,3130.429931640625,3098.0,3098.0,0
2024-11-04,3111.800048828125,3134.39990234375,3100.679931640625,3102.85009765625,0
2024-11-05,3155.85009765625,3156.169921875,3099.699951171875,3111.800048828125,0
2024-11-06,3286.7099609375,3289.330078125,3155.85009765625,3155.85009765625,0
2024-11-07,3281.389892578125,3300.429931640625,3277.889892578125,3286.7099609375,0
2024-11-08,3297.360107421875,3303.389892578125,3274.72998046875,3281.389892578125,0
2024-11-11,3325.8798828125,3338.2099609375,3297.360107421875,3297.360107421875,0
2024-11-12,3292.330078125,3326.1298828125,3283.169921875,3325.8798828125,0
2024-11-13,3274.72998046875,3307.449951171875,3273.050048828125,3292.330078125,0
2024-11-14,3243.1201171875,3284.830078125,3237.81005859375,3274.72998046875,0
2024-11-15,3207.52001953125,3243.1201171875,3201.22998046875,3243.1201171875,0
2024-11-18,3213.60009765625,3225.489990234375,3205.239990234375,3207.52001953125,0
2024-11-19,3216.43994140625,3219.340087890625,3181.89990234375,3213.60009765625,0
2024-11-20,3233.22998046875,3233.489990234375,3202.360107421875,3216.43994140625,0
2024-11-21,3286.840087890625,3293.820068359375,3233.22998046875,3233.22998046875,0
2024-11-22,3341.77001953125,3343.260009765625,3286.840087890625,3286.840087890625,0
2024-11-25,3390.260009765625,3414.739990234375,3341.77001953125,3341.77001953125,0
2024-11-26,3375.280029296875,3390.260009765625,3357.719970703125,3390.260009765625,0
2024-11-27,3363.919921875,3402.949951171875,3361.0400390625,3375.280029296875,0
2024-11-29,3366.179931640625,3387.090087890625,3363.919921875,3363.919921875,0
2024-12-02,3357.300048828125,3369.8701171875,3347.56005859375,3366.179931640625,0
2024-12-03,3347.43994140625,3361.89990234375,3336.10009765625,3357.300048828125,0
2024-12-04,3356.969970703125,3358.330078125,3338.68994140625,3347.43994140625,0
2024-12-05,3328.85009765625,3358.419921875,3327.659912109375,3356.969970703125,0
2024-12-06,3331.3701171875,3351.530029296875,3321.8798828125,3328.85009765625,0
2024-12-09,3314.300048828125,3349.27001953125,3313.929931640625,3331.3701171875,0
2024-12-10,3291.820068359375,3317.06005859375,3284.0,3314.300048828125,0
2024-12-11,3313.030029296875,3322.199951171875,3291.820068359375,3291.820068359375,0
2024-12-12,3294.360107421875,3315.969970703125,3293.610107421875,3313.030029296875,0
2024-12-13,3277.199951171875,3295.530029296875,3263.989990234375,3294.360107421875,0
2024-12-16,3274.949951171875,3293.800048828125,3265.52001953125,3277.199951171875,0
2024-12-17,3237.0,3274.949951171875,3227.93994140625,3274.949951171875,0
2024-12-18,3112.5400390625,3251.06005859375,3106.510009765625,3237.0,0
2024-12-19,3105.739990234375,3157.909912109375,3104.050048828125,3112.5400390625,0
2024-12-20,3124.280029296875,3157.989990234375,3088.18994140625,3105.739990234375,0
2024-12-23,3134.419921875,3136.06005859375,3104.830078125,3124.280029296875,0
2024-12-24,3157.93994140625,3158.7900390625,3130.81005859375,3134.419921875,0
2024-12-26,3168.14990234375,3172.27001953125,3141.56005859375,3157.93994140625,0
2024-12-27,3138.610107421875,3168.14990234375,3119.530029296875,3168.14990234375,0
2024-12-30,3117.080078125,3138.610107421875,3088.2900390625,3138.610107421875,0
2024-12-31,3120.93994140625,3140.409912109375,3112.3798828125,3117.080078125,0
2025-01-02,3114.260009765625,3155.050048828125,3104.840087890625,3120.93994140625,0
2025-01-03,3152.139892578125,3154.510009765625,3107.669921875,3114.260009765625,0
2025-01-06,3156.3701171875,3191.260009765625,3152.139892578125,3152.139892578125,0
2025-01-07,3137.110107421875,3174.389892578125,3121.610107421875,3156.3701171875,0
2025-01-08,3143.31005859375,3143.340087890625,3104.669921875,3137.110107421875,0
2025-01-10,3099.469970703125,3143.31005859375,3086.669921875,3143.31005859375,0
2025-01-13,3124.469970703125,3125.35009765625,3075.260009765625,3099.469970703125,0
2025-01-14,3161.300048828125,3166.300048828125,3124.469970703125,3124.469970703125,0
2025-01-15,3202.179931640625,3227.679931640625,3161.300048828125,3161.300048828125,0
2025-01-16,3226.68994140625,3232.760009765625,3194.360107421875,3202.179931640625,0
2025-01-17,3239.760009765625,3251.0,3226.68994140625,3226.68994140625,0
2025-01-21,3292.739990234375,3293.35009765625,3239.760009765625,3239.760009765625,0
2025-01-22,3278.699951171875,3299.580078125,3276.760009765625,3292.739990234375,0
2025-01-23,3278.419921875,3283.14990234375,3256.679931640625,3278.699951171875,0
2025-01-24,3275.639892578125,3284.800048828125,3267.239990234375,3278.419921875,0
2025-01-27,3239.679931640625,3275.639892578125,3223.580078125,3275.639892578125,0
2025-01-28,3244.31005859375,3252.760009765625,3230.030029296875,3239.679931640625,0
2025-01-29,3231.090087890625,3260.199951171875,3218.6298828125,3244.31005859375,0
2025-01-30,3268.3701171875,3283.610107421875,3231.090087890625,3231.090087890625,0
2025-01-31,3239.0400390625,3281.360107421875,3233.47998046875,3268.3701171875,0
2025-02-03,3199.5400390625,3239.0400390625,3157.85009765625,3239.0400390625,0
2025-02-04,3218.760009765625,3221.239990234375,3195.139892578125,3199.5400390625,0
2025-02-05,3247.77001953125,3248.6201171875,3216.070068359375,3218.760009765625,0
2025-02-06,3247.510009765625,3266.89990234375,3224.5,3247.77001953125,0
2025-02-07,3206.60009765625,3248.85009765625,3202.510009765625,3247.510009765625,0
2025-02-10,3208.330078125,3222.39990234375,3196.7099609375,3206.60009765625,0
2025-02-11,3194.10009765625,3208.330078125,3184.8798828125,3208.330078125,0
2025-02-12,3171.7900390625,3194.10009765625,3151.449951171875,3194.10009765625,0
2025-02-13,3201.070068359375,3202.590087890625,3171.7900390625,3171.7900390625,0
2025-02-14,3198.610107421875,3219.719970703125,3193.800048828125,3201.070068359375,0
2025-02-18,3226.06005859375,3226.169921875,3198.610107421875,3198.610107421875,0
2025-02-19,3208.60009765625,3226.06005859375,3198.929931640625,3226.06005859375,0
2025-02-20,3178.330078125,3208.60009765625,3161.6201171875,3208.60009765625,0
2025-02-21,3101.89990234375,3192.699951171875,3092.820068359375,3178.330078125,0
2025-02-24,3097.840087890625,3118.010009765625,3078.64990234375,3101.89990234375,0
2025-02-25,3096.639892578125,3117.18994140625,3072.7900390625,3097.840087890625,0
2025-02-26,3101.68994140625,3133.719970703125,3095.169921875,3096.639892578125,0
2025-02-27,3064.909912109375,3113.47998046875,3063.760009765625,3101.68994140625,0
2025-02-28,3095.14990234375,3095.5,3051.429931640625,3064.909912109375,0
2025-03-03,3025.610107421875,3111.449951171875,3010.72998046875,3095.14990234375,0
2025-03-04,2978.52001953125,3025.610107421875,2939.5400390625,3025.610107421875,0
2025-03-05,3014.070068359375,3018.199951171875,2961.3798828125,2978.52001953125,0
2025-03-06,2967.489990234375,3014.070068359375,2954.840087890625,3014.070068359375,0
2025-03-07,2987.090087890625,2996.080078125,2919.7900390625,2967.489990234375,0
2025-03-10,2921.739990234375,2987.090087890625,2900.47998046875,2987.090087890625,0
2025-03-11,2908.60009765625,2942.639892578125,2885.2099609375,2921.739990234375,0
2025-03-12,2905.169921875,2946.22998046875,2886.860107421875,2908.60009765625,0
2025-03-13,2858.409912109375,2907.969970703125,2844.340087890625,2905.169921875,0
2025-03-14,2927.14990234375,2928.7900390625,2858.409912109375,2858.409912109375,0
2025-03-17,2969.8701171875,2980.659912109375,2924.18994140625,2927.14990234375,0
2025-03-18,2946.610107421875,2969.8701171875,2937.110107421875,2969.8701171875,0
2025-03-19,2982.909912109375,2998.409912109375,2944.860107421875,2946.610107421875,0
2025-03-20,2960.800048828125,2991.260009765625,2959.179931640625,2982.909912109375,0
2025-03-21,2945.77001953125,2960.800048828125,2915.14990234375,2960.800048828125,0
2025-03-24,3019.030029296875,3022.10009765625,2945.77001953125,2945.77001953125,0
2025-03-25,3009.580078125,3030.260009765625,2993.780029296875,3019.030029296875,0
2025-03-26,2991.10009765625,3026.719970703125,2983.5,3009.580078125,0
2025-03-27,2969.3798828125,2993.889892578125,2954.2900390625,2991.10009765625,0
2025-03-28,2915.070068359375,2969.3798828125,2900.699951171875,2969.3798828125,0
2025-03-31,2919.219970703125,2935.89990234375,2859.06005859375,2915.070068359375,0
2025-04-01,2935.81005859375,2946.43994140625,2887.199951171875,2919.219970703125,0
2025-04-02,2981.679931640625,2989.56005859375,2903.22998046875,2935.81005859375,0
2025-04-03,2783.050048828125,2981.679931640625,2781.409912109375,2981.679931640625,0
2025-04-04,2648.5400390625,2783.050048828125,2594.25,2783.050048828125,0
2025-04-07,2619.159912109375,2730.89990234375,2510.679931640625,2648.5400390625,0
2025-04-08,2560.929931640625,2708.830078125,2527.719970703125,2619.159912109375,0
2025-04-09,2798.780029296875,2814.449951171875,2526.159912109375,2560.929931640625,0
2025-04-10,2684.429931640625,2798.780029296875,2615.7099609375,2798.780029296875,0
2025-04-11,2722.550048828125,2730.800048828125,2637.530029296875,2684.429931640625,0
2025-04-14,2754.7099609375,2768.419921875,2715.449951171875,2722.550048828125,0
2025-04-15,2751.389892578125,2782.639892578125,2745.35009765625,2754.7099609375,0
2025-04-16,2721.919921875,2756.030029296875,2692.35009765625,2751.389892578125,0
2025-04-17,2744.389892578125,2759.68994140625,2721.919921875,2721.919921875,0
2025-04-21,2680.889892578125,2744.389892578125,2654.85009765625,2744.389892578125,0
2025-04-22,2749.18994140625,2757.22998046875,2680.889892578125,2680.889892578125,0
2025-04-23,2785.919921875,2868.580078125,2749.18994140625,2749.18994140625,0
2025-04-24,2843.72998046875,2847.260009765625,2783.72998046875,2785.919921875,0
2025-04-25,2831.669921875,2843.72998046875,2810.52001953125,2843.72998046875,0
2025-04-28,2842.820068359375,2857.199951171875,2813.159912109375,2831.669921875,0
2025-04-29,2856.31005859375,2868.47998046875,2820.669921875,2842.820068359375,0
2025-04-30,2851.60009765625,2856.31005859375,2785.56005859375,2856.31005859375,0
2025-05-01,2864.2099609375,2894.75,2846.75,2851.60009765625,0
2025-05-02,2932.010009765625,2938.169921875,2864.2099609375,2864.2099609375,0
2025-05-05,2925.389892578125,2945.97998046875,2910.7900390625,2932.010009765625,0
2025-05-06,2905.5400390625,2927.050048828125,2890.260009765625,2925.389892578125,0
2025-05-07,2913.1201171875,2927.89990234375,2895.659912109375,2905.5400390625,0
2025-05-08,2948.60009765625,2974.800048828125,2913.1201171875,2913.1201171875,0
2025-05-09,2946.27001953125,2959.2099609375,2935.669921875,2948.60009765625,0
2025-05-12,3049.56005859375,3060.820068359375,2946.27001953125,2946.27001953125,0
2025-05-13,3059.72998046875,3073.449951171875,3049.56005859375,3049.56005859375,0
2025-05-14,3050.31005859375,3063.56005859375,3044.360107421875,3059.72998046875,0
2025-05-15,3055.929931640625,3057.8701171875,3027.93994140625,3050.31005859375,0
2025-05-16,3088.219970703125,3088.639892578125,3049.090087890625,3055.929931640625,0
2025-05-19,3077.7099609375,3088.219970703125,3048.89990234375,3088.219970703125,0
2025-05-20,3069.22998046875,3082.47998046875,3059.97998046875,3077.7099609375,0
2025-05-21,2987.639892578125,3069.22998046875,2985.419921875,3069.22998046875,0
2025-05-22,2982.909912109375,2999.18994140625,2965.969970703125,2987.639892578125,0
2025-05-23,2977.590087890625,2985.340087890625,2940.919921875,2982.909912109375,0
2025-05-27,3041.429931640625,3041.85009765625,2977.590087890625,2977.590087890625,0
2025-05-28,3004.340087890625,3044.489990234375,3001.0400390625,3041.429931640625,0
2025-05-29,3012.260009765625,3024.97998046875,2988.31005859375,3004.340087890625,0
2025-05-30,3001.3798828125,3012.260009765625,2974.530029296875,3012.260009765625,0
2025-06-02,2994.419921875,3001.3798828125,2955.35009765625,3001.3798828125,0
2025-06-03,3031.27001953125,3036.669921875,2987.429931640625,2994.419921875,0
2025-06-04,3025.06005859375,3043.199951171875,3025.06005859375,3031.27001953125,0
2025-06-05,3021.27001953125,3040.030029296875,3007.820068359375,3025.06005859375,0
2025-06-06,3051.10009765625,3055.449951171875,3021.27001953125,3021.27001953125,0
2025-06-09,3058.830078125,3075.110107421875,3047.89990234375,3051.10009765625,0
2025-06-10,3067.0400390625,3078.699951171875,3058.02001953125,3058.830078125,0
2025-06-11,3052.280029296875,3079.110107421875,3044.580078125,3067.0400390625,0
2025-06-12,3054.969970703125,3054.969970703125,3026.64990234375,3052.280029296875,0
2025-06-13,3006.699951171875,3054.969970703125,2996.550048828125,3054.969970703125,0
2025-06-16,3038.530029296875,3054.929931640625,3006.699951171875,3006.699951171875,0
2025-06-17,3013.7099609375,3038.530029296875,3012.14990234375,3038.530029296875,0
2025-06-18,3023.5400390625,3047.52001953125,3013.7099609375,3013.7099609375,0
2025-06-20,3025.179931640625,3044.1201171875,3011.820068359375,3023.5400390625,0
2025-06-23,3050.550048828125,3052.389892578125,2996.489990234375,3025.179931640625,0
2025-06-24,3078.8798828125,3085.64990234375,3050.550048828125,3050.550048828125,0
2025-06-25,3054.22998046875,3081.10009765625,3051.18994140625,3078.8798828125,0
2025-06-26,3094.4599609375,3096.39990234375,3054.22998046875,3054.22998046875,0
2025-06-27,3102.77001953125,3122.39990234375,3085.639892578125,3094.4599609375,0
2025-06-30,3102.8701171875,3108.449951171875,3091.77001953125,3102.77001953125,0
2025-07-01,3139.530029296875,3161.320068359375,3091.139892578125,3102.8701171875,0
2025-07-02,3170.77001953125,3171.080078125,3133.719970703125,3139.530029296875,0
2025-07-03,3191.31005859375,3195.919921875,3170.77001953125,3170.77001953125,0
2025-07-07,3157.1298828125,3192.72998046875,3139.550048828125,3191.31005859375,0
2025-07-08,3169.68994140625,3186.340087890625,3157.1298828125,3157.1298828125,0
2025-07-09,3183.820068359375,3185.919921875,3161.760009765625,3169.68994140625,0
2025-07-10,3199.22998046875,3217.760009765625,3180.7099609375,3183.820068359375,0
2025-07-11,3172.39990234375,3199.22998046875,3166.989990234375,3199.22998046875,0
2025-07-14,3182.590087890625,3184.22998046875,3163.43994140625,3172.39990234375,0
2025-07-15,3125.219970703125,3193.780029296875,3124.8798828125,3182.590087890625,0
2025-07-16,3139.669921875,3144.3701171875,3095.550048828125,3125.219970703125,0
2025-07-17,3173.3798828125,3180.22998046875,3139.4599609375,3139.669921875,0
2025-07-18,3171.550048828125,3188.8798828125,3160.989990234375,3173.3798828125,0
2025-07-21,3151.199951171875,3182.60009765625,3150.9599609375,3171.550048828125,0
2025-07-22,3192.110107421875,3197.7900390625,3151.199951171875,3151.199951171875,0
2025-07-23,3218.260009765625,3221.070068359375,3192.110107421875,3192.110107421875,0
2025-07-24,3189.3798828125,3218.260009765625,3188.780029296875,3218.260009765625,0
2025-07-25,3218.31005859375,3220.239990234375,3184.530029296875,3189.3798828125,0
2025-07-28,3210.72998046875,3225.679931640625,3203.31005859375,3218.31005859375,0
2025-07-29,3206.5400390625,3224.760009765625,3196.159912109375,3210.72998046875,0
2025-07-30,3186.090087890625,3219.919921875,3170.489990234375,3206.5400390625,0
2025-07-31,3151.25,3189.14990234375,3145.72998046875,3186.090087890625,0
2025-08-01,3104.60009765625,3151.25,3064.97998046875,3151.25,0
2025-08-04,3142.56005859375,3142.989990234375,3104.60009765625,3104.60009765625,0
2025-08-05,3141.3701171875,3152.570068359375,3115.14990234375,3142.56005859375,0
2025-08-06,3131.68994140625,3146.25,3122.469970703125,3141.3701171875,0
2025-08-07,3124.449951171875,3161.919921875,3112.139892578125,3131.68994140625,0
2025-08-08,3124.0400390625,3142.5400390625,3119.360107421875,3124.449951171875,0
2025-08-11,3110.89990234375,3137.35009765625,3106.6201171875,3124.0400390625,0
2025-08-12,3182.739990234375,3183.35009765625,3110.89990234375,3110.89990234375,0
2025-08-13,3232.580078125,3233.2900390625,3182.739990234375,3182.739990234375,0
2025-08-14,3191.02001953125,3232.580078125,3174.6201171875,3232.580078125,0
2025-08-15,3172.489990234375,3196.3701171875,3171.919921875,3191.02001953125,0
2025-08-18,3180.5,3181.47998046875,3170.14990234375,3172.489990234375,0
2025-08-19,3186.260009765625,3211.830078125,3178.0,3180.5,0
2025-08-20,3173.639892578125,3187.14990234375,3157.3798828125,3186.260009765625,0
2025-08-21,3169.110107421875,3174.219970703125,3150.570068359375,3173.639892578125,0
2025-08-22,3255.97998046875,3267.85009765625,3169.110107421875,3169.110107421875,0
2025-08-25,3231.389892578125,3255.97998046875,3231.02001953125,3255.97998046875,0
2025-08-26,3244.9599609375,3254.5400390625,3231.389892578125,3231.389892578125,0
2025-08-27,3264.570068359375,3272.52001953125,3240.75,3244.9599609375,0
2025-08-28,3271.699951171875,3276.820068359375,3253.429931640625,3264.570068359375,0
2025-08-29,3254.090087890625,3275.820068359375,3242.8798828125,3271.699951171875,0
2025-09-02,3239.8701171875,3254.090087890625,3213.510009765625,3254.090087890625,0
2025-09-03,3233.679931640625,3254.2900390625,3217.409912109375,3239.8701171875,0
2025-09-04,3280.4599609375,3281.2099609375,3233.679931640625,3233.679931640625,0
2025-09-05,3296.77001953125,3322.239990234375,3271.31005859375,3280.4599609375,0
2025-09-08,3296.31005859375,3302.679931640625,3274.81005859375,3296.77001953125,0
2025-09-09,3267.010009765625,3296.31005859375,3258.679931640625,3296.31005859375,0
2025-09-10,3266.330078125,3288.159912109375,3253.68994140625,3267.010009765625,0
2025-09-11,3319.0,3320.6298828125,3266.330078125,3266.330078125,0
2025-09-12,3282.39990234375,3319.0,3282.090087890625,3319.0,0
2025-09-15,3280.320068359375,3302.409912109375,3276.610107421875,3282.39990234375,0
2025-09-16,3272.429931640625,3285.610107421875,3255.239990234375,3280.320068359375,0
2025-09-17,3266.27001953125,3322.949951171875,3244.93994140625,3272.429931640625,0
2025-09-18,3308.889892578125,3314.1201171875,3266.27001953125,3266.27001953125,0
2025-09-19,3284.330078125,3310.340087890625,3275.949951171875,3308.889892578125,0
2025-09-22,3281.030029296875,3287.5400390625,3263.89990234375,3284.330078125,0
2025-09-23,3279.090087890625,3310.949951171875,3273.8701171875,3281.030029296875,0
2025-09-24,3254.510009765625,3289.89990234375,3254.43994140625,3279.090087890625,0
2025-09-25,3234.679931640625,3254.510009765625,3213.77001953125,3254.510009765625,0
2025-09-26,3267.7900390625,3269.52001953125,3234.679931640625,3234.679931640625,0
2025-09-29,3261.320068359375,3283.1201171875,3252.820068359375,3267.7900390625,0
2025-09-30,3263.6201171875,3266.530029296875,3234.510009765625,3261.320068359375,0
2025-10-01,3274.43994140625,3278.659912109375,3251.5,3263.6201171875,0
2025-10-02,3278.760009765625,3281.590087890625,3253.889892578125,3274.43994140625,0
2025-10-03,3288.929931640625,3307.6298828125,3278.760009765625,3278.760009765625,0
2025-10-06,3292.97998046875,3310.22998046875,3282.510009765625,3288.929931640625,0
2025-10-07,3257.56005859375,3303.090087890625,3248.489990234375,3292.97998046875,0
2025-10-08,3289.10009765625,3293.340087890625,3255.969970703125,3257.56005859375,0
2025-10-09,3254.159912109375,3297.409912109375,3247.199951171875,3289.10009765625,0
2025-10-10,3161.8798828125,3265.64990234375,3160.739990234375,3254.159912109375,0
2025-10-13,3223.800048828125,3233.8701171875,3161.8798828125,3161.8798828125,0
2025-10-14,3253.47998046875,3270.340087890625,3190.10009765625,3223.800048828125,0
2025-10-15,3255.010009765625,3288.419921875,3230.5400390625,3253.47998046875,0
2025-10-16,3216.639892578125,3263.860107421875,3202.3798828125,3255.010009765625,0
2025-10-17,3223.889892578125,3228.179931640625,3199.9599609375,3216.639892578125,0
2025-10-20,3261.139892578125,3265.4599609375,3223.889892578125,3223.889892578125,0
2025-10-21,3273.739990234375,3284.0400390625,3249.889892578125,3261.139892578125,0
2025-10-22,3235.929931640625,3279.389892578125,3224.389892578125,3273.739990234375,0
2025-10-23,3279.639892578125,3284.949951171875,3235.929931640625,3235.929931640625,0
2025-10-24,3298.580078125,3317.43994140625,3279.639892578125,3279.639892578125,0
2025-10-27,3309.56005859375,3327.219970703125,3298.580078125,3298.580078125,0
2025-10-28,3281.22998046875,3309.56005859375,3278.699951171875,3309.56005859375,0
2025-10-29,3258.760009765625,3297.7900390625,3245.4599609375,3281.22998046875,0
2025-10-30,3226.659912109375,3268.5400390625,3225.679931640625,3258.760009765625,0
2025-10-31,3246.260009765625,3252.949951171875,3219.8798828125,3226.659912109375,0
2025-11-03,3242.679931640625,3246.260009765625,3204.199951171875,3246.260009765625,0
2025-11-04,3214.860107421875,3242.679931640625,3199.18994140625,3242.679931640625,0
2025-11-05,3236.949951171875,3257.300048828125,3213.159912109375,3214.860107421875,0
2025-11-06,3206.909912109375,3251.550048828125,3196.139892578125,3236.949951171875,0
2025-11-07,3242.97998046875,3243.050048828125,3183.2099609375,3206.909912109375,0
2025-11-10,3263.25,3276.699951171875,3237.1201171875,3242.97998046875,0
2025-11-11,3262.8798828125,3273.909912109375,3249.830078125,3263.25,0
2025-11-12,3273.949951171875,3293.6201171875,3262.8798828125,3262.8798828125,0
2025-11-13,3213.2099609375,3273.949951171875,3204.550048828125,3273.949951171875,0
2025-11-14,3205.010009765625,3224.550048828125,3173.820068359375,3213.2099609375,0
2025-11-17,3146.159912109375,3206.080078125,3136.830078125,3205.010009765625,0
2025-11-18,3156.06005859375,3171.780029296875,3124.800048828125,3146.159912109375,0
2025-11-19,3159.719970703125,3179.469970703125,3144.840087890625,3156.06005859375,0
2025-11-20,3109.889892578125,3212.929931640625,3107.409912109375,3159.719970703125,0
2025-11-21,3183.39990234375,3201.22998046875,3109.889892578125,3109.889892578125,0
2025-11-24,3214.39990234375,3223.8701171875,3181.5,3183.39990234375,0
2025-11-25,3273.7099609375,3278.3701171875,3214.39990234375,3214.39990234375,0
2025-11-26,3293.590087890625,3316.719970703125,3271.110107421875,3273.7099609375,0
2025-11-28,3308.489990234375,3314.89990234375,3293.590087890625,3293.590087890625,0
2025-12-01,3290.77001953125,3315.469970703125,3279.699951171875,3308.489990234375,0
2025-12-02,3279.409912109375,3306.260009765625,3279.159912109375,3290.77001953125,0
2025-12-03,3303.22998046875,3305.800048828125,3276.68994140625,3279.409912109375,0
2025-12-04,3318.3798828125,3328.590087890625,3298.6298828125,3303.22998046875,0
2025-12-05,3320.1201171875,3336.340087890625,3313.9599609375,3318.3798828125,0
2025-12-08,3302.52001953125,3325.43994140625,3297.919921875,3320.1201171875,0
2025-12-09,3299.080078125,3327.0,3295.18994140625,3302.52001953125,0
2025-12-10,3362.179931640625,3372.199951171875,3299.080078125,3299.080078125,0
2025-12-11,3395.14990234375,3398.830078125,3360.52001953125,3362.179931640625,0
2025-12-12,3350.949951171875,3402.5,3341.840087890625,3395.14990234375,0
2025-12-15,3342.389892578125,3367.800048828125,3332.929931640625,3350.949951171875,0
2025-12-16,3322.780029296875,3348.10009765625,3304.429931640625,3342.389892578125,0
2025-12-17,3306.75,3353.389892578125,3303.1298828125,3322.780029296875,0
2025-12-18,3321.5400390625,3352.64990234375,3306.75,3306.75,0
2025-12-19,3350.25,3353.7099609375,3321.5400390625,3321.5400390625,0
2025-12-22,3378.97998046875,3387.590087890625,3350.25,3350.25,0
2025-12-23,3367.5,3380.570068359375,3359.280029296875,3378.97998046875,0
2025-12-24,3373.14990234375,3379.35009765625,3362.35009765625,3367.5,0
2025-12-26,3373.2900390625,3374.239990234375,3361.0,3373.14990234375,0
2025-12-29,3352.72998046875,3373.2900390625,3346.080078125,3373.2900390625,0
2025-12-30,3340.31005859375,3355.02001953125,3339.449951171875,3352.72998046875,0
2025-12-31,3305.139892578125,3340.31005859375,3304.5400390625,3340.31005859375,0
2026-01-02,3349.389892578125,3355.510009765625,3305.139892578125,3305.139892578125,0
2026-01-05,3392.280029296875,3404.860107421875,3349.389892578125,3349.389892578125,0
2026-01-06,3443.429931640625,3445.530029296875,3381.25,3392.280029296875,0
2026-01-07,3417.280029296875,3444.659912109375,3409.760009765625,3443.429931640625,0
2026-01-08,3430.81005859375,3436.780029296875,3406.5400390625,3417.280029296875,0
2026-01-09,3459.81005859375,3465.6201171875,3430.81005859375,3430.81005859375,0
2026-01-12,3465.780029296875,3468.169921875,3439.60009765625,3459.81005859375,0
2026-01-13,3472.280029296875,3484.25,3459.64990234375,3465.780029296875,0
2026-01-14,3475.1298828125,3483.409912109375,3458.080078125,3472.280029296875,0
2026-01-15,3516.909912109375,3528.72998046875,3475.1298828125,3475.1298828125,0
2026-01-16,3505.840087890625,3520.22998046875,3497.580078125,3516.909912109375,0
2026-01-20,3458.31005859375,3505.840087890625,3449.35009765625,3505.840087890625,0
2026-01-21,3519.219970703125,3536.9599609375,3458.31005859375,3458.31005859375,0
2026-01-22,3521.860107421875,3555.47998046875,3515.179931640625,3519.219970703125,0
2026-01-23,3486.719970703125,3521.860107421875,3474.0,3521.860107421875,0
2026-01-26,3483.330078125,3507.56005859375,3475.9599609375,3486.719970703125,0
2026-01-27,3484.1298828125,3489.889892578125,3471.360107421875,3483.330078125,0
2026-01-28,3475.679931640625,3498.2099609375,3468.199951171875,3484.1298828125,0
2026-01-29,3471.510009765625,3490.280029296875,3427.3701171875,3475.679931640625,0
2026-01-30,3437.10009765625,3475.10009765625,3416.179931640625,3471.510009765625,0
2026-02-02,3467.469970703125,3477.6298828125,3424.679931640625,3437.10009765625,0
2026-02-03,3473.510009765625,3500.739990234375,3433.68994140625,3467.469970703125,0
2026-02-04,3496.9599609375,3517.219970703125,3455.929931640625,3473.510009765625,0
2026-02-05,3480.139892578125,3508.590087890625,3466.60009765625,3496.9599609375,0
2026-02-06,3587.010009765625,3593.0,3480.139892578125,3480.139892578125,0
2026-02-09,3592.929931640625,3601.590087890625,3571.239990234375,3587.010009765625,0
2026-02-10,3589.830078125,3606.43994140625,3585.47998046875,3592.929931640625,0
2026-02-11,3581.449951171875,3620.989990234375,3560.3701171875,3589.830078125,0
2026-02-12,3531.9599609375,3628.179931640625,3512.93994140625,3581.449951171875,0
2026-02-13,3563.449951171875,3582.239990234375,3510.2099609375,3531.9599609375,0
2026-02-17,3567.669921875,3576.56005859375,3525.300048828125,3563.449951171875,0
2026-02-18,3584.72998046875,3609.860107421875,3567.669921875,3567.669921875,0
2026-02-19,3584.929931640625,3585.739990234375,3560.6201171875,3584.72998046875,0
2026-02-20,3606.949951171875,3625.409912109375,3573.949951171875,3584.929931640625,0
2026-02-23,3543.300048828125,3606.949951171875,3524.169921875,3606.949951171875,0
2026-02-24,3577.050048828125,3582.489990234375,3540.889892578125,3543.300048828125,0
2026-02-25,3589.800048828125,3600.35009765625,3564.719970703125,3577.050048828125,0
2026-02-26,3604.429931640625,3612.330078125,3565.159912109375,3589.800048828125,0
2026-02-27,3575.27001953125,3604.429931640625,3542.570068359375,3604.429931640625,0
2026-03-02,3604.969970703125,3611.840087890625,3545.89990234375,3575.27001953125,0
2026-03-03,3541.330078125,3604.969970703125,3463.3701171875,3604.969970703125,0
2026-03-04,3543.56005859375,3567.530029296875,3514.719970703125,3541.330078125,0
2026-03-05,3493.590087890625,3543.56005859375,3467.60009765625,3543.56005859375,0
2026-03-06,3410.320068359375,3493.590087890625,3395.280029296875,3493.590087890625,0
2026-03-09,3443.27001953125,3449.8701171875,3333.050048828125,3410.320068359375,0
2026-03-10,3426.320068359375,3483.60009765625,3423.800048828125,3443.27001953125,0
2026-03-11,3417.780029296875,3436.409912109375,3396.739990234375,3426.320068359375,0
2026-03-12,3347.489990234375,3417.780029296875,3344.68994140625,3417.780029296875,0
2026-03-13,3340.9599609375,3385.9599609375,3331.929931640625,3347.489990234375,0
2026-03-16,3365.25,3403.02001953125,3340.9599609375,3340.9599609375,0
2026-03-17,3394.389892578125,3415.06005859375,3365.25,3365.25,0
2026-03-18,3363.199951171875,3405.81005859375,3362.669921875,3394.389892578125,0
2026-03-19,3371.919921875,3389.72998046875,3326.110107421875,3363.199951171875,0
2026-03-20,3296.2900390625,3372.31005859375,3273.5,3371.919921875,0
2026-03-23,3359.469970703125,3411.590087890625,3296.2900390625,3296.2900390625,0
2026-03-24,3384.800048828125,3402.35009765625,3332.159912109375,3359.469970703125,0
2026-03-25,3413.97998046875,3433.0400390625,3377.0400390625,3384.800048828125,0
2026-03-26,3365.6298828125,3417.22998046875,3362.3701171875,3413.97998046875,0
2026-03-27,3310.820068359375,3365.6298828125,3302.81005859375,3365.6298828125,0
2026-03-30,3283.72998046875,3341.669921875,3272.179931640625,3310.820068359375,0
2026-03-31,3376.35009765625,3398.510009765625,3283.72998046875,3283.72998046875,0
2026-04-01,3405.0,3429.330078125,3376.35009765625,3376.35009765625,0
2026-04-02,3408.159912109375,3441.179931640625,3346.31005859375,3405.0,0
