ticker,esgScore,environmentScore,socialScore,governanceScore,totalEsg,fullTimeEmployees,auditRisk,boardRisk,compensationRisk,shareHolderRightsRisk,overallRisk,heldPercentInstitutions,heldPercentInsiders,numberOfAnalystOpinions,recommendationMean,targetMeanPrice,payoutRatio,profitMargins,returnOnEquity
ZS,,,,,,7923.0,1.0,8.0,6.0,8.0,6.0,0.58011,0.35191002,46.0,1.53061,233.7011,0.0,-0.02253,-0.03556
OKTA,,,,,,6366.0,1.0,8.0,4.0,10.0,8.0,0.92300004,0.00641,42.0,1.76087,100.925,0.0,0.08051,0.03506
CRWD,,,,,,10698.0,10.0,9.0,10.0,10.0,10.0,0.7537,0.03095,50.0,1.69643,489.8584,0.0,-0.033770002,-0.04137
FTNT,,,,,,15109.0,1.0,7.0,7.0,5.0,5.0,0.71747,0.17433001,34.0,2.72093,89.11765,0.0,0.27257,1.3571601
QLYS,,,,,,2625.0,1.0,3.0,3.0,8.0,4.0,1.03806,0.0077100005,19.0,2.66667,135.91316,0.0,0.29639,0.38202
VRNS,,,,,,2658.0,1.0,6.0,4.0,8.0,5.0,1.01013,0.0296,21.0,1.72727,33.90476,0.0,-0.20741,-0.24531999
ESTC,,,,,,3921.0,1.0,5.0,7.0,2.0,3.0,0.91822,0.12399,24.0,,82.125,0.0,-0.05039,-0.10244001
DOCN,,,,,,1462.0,9.0,9.0,7.0,8.0,8.0,0.68728995,0.22874,12.0,1.78571,81.08333,0.0,0.28761,
PAYC,,,,,,5770.0,1.0,8.0,4.0,5.0,5.0,0.98413,0.12476,17.0,2.42857,153.58824,0.1856,0.22099,0.27417
MANH,,,,,,4370.0,1.0,5.0,4.0,5.0,4.0,1.06136,0.01418,11.0,,208.54546,0.0,0.20339,0.71656996
WK,,,,,,2860.0,1.0,7.0,3.0,10.0,8.0,0.96830004,0.03582,11.0,1.16667,89.45455,0.0,-0.029579999,
GLOB,,,,,,28773.0,1.0,7.0,6.0,4.0,6.0,1.14254,0.027090002,22.0,2.17391,72.45455,0.0,0.04192,0.04956
HUBS,,,,,,8882.0,1.0,2.0,3.0,2.0,1.0,0.93046,0.0342,34.0,1.37838,365.45264,0.0,0.01466,0.0231
ANSS,,,,,,,,,,,,,,,,,,,
CDNS,,,,,,13800.0,3.0,5.0,9.0,1.0,4.0,0.90143996,0.0034999999,27.0,1.42308,371.67776,0.0,0.20934999,0.21855
NET,,,,,,5156.0,1.0,8.0,8.0,10.0,9.0,0.8958,0.00719,31.0,1.97143,233.46774,0.0,-0.04717,-0.08164
BILL,,,,,,2364.0,1.0,7.0,9.0,8.0,7.0,1.12186,0.12362,22.0,,57.86364,0.0,-0.0156,-0.00636
FROG,,,,,,1800.0,1.0,8.0,10.0,3.0,7.0,0.86679,0.119049996,20.0,1.33333,69.65,0.0,-0.13504,-0.08648
CFLT,,,,,,3241.0,2.0,8.0,7.0,10.0,9.0,0.90148,0.00981,8.0,2.85714,31.0,0.0,-0.25308,-0.27721
SMCI,,,,,,6238.0,10.0,10.0,9.0,9.0,10.0,0.56293,0.13854,15.0,2.88889,34.53333,0.0,0.03111,0.13193
MARA,,,,,,266.0,8.0,7.0,10.0,4.0,9.0,0.69391996,0.012359999,11.0,2.14286,16.56818,0.0,-1.44581,-0.34464002
RBLX,,,,,,3065.0,5.0,7.0,6.0,10.0,9.0,0.8268,0.04459,35.0,1.72222,105.16971,0.0,-0.21778,-3.67223
SAMSN,,,,,,,,,,,,,,,,,,,
TENB,,,,,,1995.0,1.0,7.0,7.0,8.0,6.0,1.01465,0.02173,20.0,2.125,30.05,0.0,-0.036140002,-0.09945
CWAN,,,,,,3000.0,7.0,6.0,5.0,8.0,6.0,1.07997,0.011569999,7.0,,24.47143,0.0,-0.053060003,-0.026300002
RPD,,,,,,2613.0,6.0,3.0,5.0,4.0,4.0,0.99491996,0.02491,22.0,2.84615,9.75727,0.0,0.027190002,0.27118
ILMN,,,,,,8600.0,4.0,2.0,7.0,2.0,3.0,1.06819,0.00229,18.0,2.31579,136.11111,0.0,0.19572,0.33359
ALGN,,,,,,20290.0,1.0,5.0,9.0,5.0,7.0,0.9629,0.06825,13.0,2.0,201.6923,0.0,0.1017,0.103870004
INCY,,,,,,2844.0,8.0,3.0,8.0,6.0,6.0,1.0521901,0.01871,22.0,2.32,107.13636,0.0,0.25026,0.2987
BMRN,,,,,,3221.0,3.0,1.0,4.0,3.0,2.0,1.01182,0.00437,23.0,,88.86957,0.0,0.10831001,0.05941
ALKS,,,,,,2050.0,3.0,5.0,2.0,2.0,3.0,1.10281,0.01601,17.0,1.5,43.70588,0.0,0.16374001,0.14716
IONS,,,,,,1402.0,6.0,3.0,3.0,5.0,4.0,1.05755,0.00714,22.0,1.81818,96.80727,0.0,-0.40414003,-0.70795
EXAS,,,,,,7100.0,1.0,2.0,3.0,4.0,2.0,0.86478996,0.0123000005,10.0,2.94444,106.3,0.0,-0.06404,-0.08659001
TECH,,,,,,3100.0,7.0,1.0,10.0,1.0,8.0,1.13843,0.00287,11.0,1.64286,74.90909,0.6038,0.06672,0.03966
DXCM,,,,,,11000.0,2.0,6.0,3.0,6.0,4.0,1.01246,0.00387,24.0,1.40741,87.125,0.0,0.17939,0.34497002
VEEV,,,,,,7928.0,1.0,4.0,10.0,3.0,7.0,0.88889,0.0856,29.0,1.90625,270.93103,0.0,0.28445,0.13933
TFX,,,,,,15500.0,4.0,5.0,4.0,1.0,2.0,1.08493,0.00348,9.0,2.90909,130.22221,1.0382,-0.45448002,0.01581
STE,,,,,,17787.0,8.0,4.0,6.0,8.0,7.0,0.98455,0.00302,7.0,2.125,279.2857,0.33470002,0.12144,0.10468
BIO,,,,,,7450.0,4.0,9.0,6.0,10.0,9.0,0.90345,0.16203,4.0,2.5,321.25,0.0,0.29417,0.108380005
HOLX,,,,,,7070.0,7.0,5.0,6.0,7.0,6.0,0.96516997,0.00836,9.0,3.0,76.66667,0.0,0.13178,0.108559996
NTRA,,,,,,6135.0,1.0,8.0,5.0,8.0,6.0,0.94491,0.03147,19.0,1.47368,259.10526,0.0,-0.09026,-0.14317
MEDP,,,,,,6200.0,6.0,9.0,4.0,7.0,7.0,0.86052,0.19389,12.0,2.61538,500.08334,0.0,0.17829001,0.70235
HRMY,,,,,,293.0,9.0,9.0,10.0,8.0,10.0,0.91136,0.12085,11.0,,42.0,0.0,0.18271999,0.20752001
PEN,,,,,,4700.0,7.0,5.0,7.0,4.0,5.0,0.95267,0.029979998,14.0,2.64706,366.85715,0.0,0.12659,0.13781999
RVMD,,,,,,883.0,5.0,7.0,8.0,8.0,7.0,1.02112,0.01933,20.0,1.2,133.7,0.0,0.0,-0.58068
PCVX,,,,,,507.0,2.0,5.0,10.0,8.0,9.0,1.0438501,0.0058600004,9.0,1.27273,109.0,0.0,0.0,-0.25591
AZTA,,,,,,3000.0,10.0,2.0,2.0,6.0,5.0,1.16151,0.0092400005,6.0,2.14286,37.83333,0.0,-0.10118,0.01534
NEOG,,,,,,2974.0,10.0,3.0,8.0,5.0,6.0,1.04071,0.009380001,3.0,,11.66667,0.0,-0.68468004,-0.25253
AVTR,,,,,,13500.0,2.0,3.0,3.0,1.0,1.0,1.04058,0.01455,13.0,2.82353,10.88462,0.0,-0.08092,-0.09204
ENSG,,,,,,46000.0,7.0,5.0,7.0,2.0,4.0,0.95881,0.035469998,5.0,,220.4,0.0432,0.06801,0.16895
GMED,,,,,,6000.0,7.0,9.0,6.0,10.0,10.0,1.0248799,0.00672,12.0,1.85714,110.08333,0.0,0.18301001,0.122930005
OMCL,,,,,,3580.0,1.0,4.0,2.0,7.0,4.0,1.0565699,0.01993,7.0,1.375,57.42857,0.0,0.0017299999,0.00166
GNRC,,,,,,9400.0,5.0,9.0,8.0,9.0,9.0,0.97435,0.017339999,17.0,1.85714,245.41176,0.0,0.03791,0.06283
MTZ,,,,,,36000.0,8.0,7.0,7.0,6.0,6.0,0.76805,0.21488,18.0,1.42105,341.27777,0.0,0.02791,0.13351
AWI,,,,,,3800.0,5.0,5.0,2.0,4.0,3.0,1.0348899,0.01282,10.0,,208.8,0.1784,0.19046,0.37242
GFF,,,,,,5100.0,8.0,4.0,1.0,7.0,4.0,0.78818,0.18496001,7.0,1.14286,114.14286,0.7525,0.0176,0.26521
WWD,,,,,,10200.0,2.0,4.0,1.0,2.0,2.0,0.91265,0.00247,9.0,1.4,421.33334,0.14109999,0.12893,0.20381
FIX,,,,,,22700.0,9.0,2.0,5.0,9.0,7.0,0.96893,0.01323,4.0,1.57143,1670.25,0.0675,0.112349994,0.49238998
ROAD,,,,,,1639.0,8.0,10.0,5.0,10.0,10.0,1.0097699,0.014450001,6.0,1.0,142.16667,0.0,0.03988,0.1371
DY,,,,,,19556.0,6.0,2.0,4.0,3.0,2.0,0.94303,0.03726,11.0,1.09091,467.9091,0.0,0.0507,0.18152
EME,,,,,,44000.0,3.0,5.0,5.0,5.0,4.0,0.98052,0.01328,6.0,1.66667,864.1667,0.0355,0.07493,0.3849
WSC,,,,,,4700.0,3.0,6.0,1.0,2.0,2.0,1.18872,0.029649999,9.0,2.33333,24.38889,0.1736,-0.02323,-0.05653
GGG,,,,,,4400.0,6.0,1.0,9.0,2.0,4.0,0.91718,0.00774,8.0,2.45455,94.875,0.35709998,0.23332001,0.19925
RBC,,,,,,5334.0,5.0,8.0,7.0,5.0,6.0,1.02079,0.0164,6.0,,608.6667,0.0,0.15001,0.08663999
ITT,,,,,,11600.0,3.0,1.0,4.0,2.0,1.0,0.93698996,0.005,12.0,1.57143,234.16667,0.2298,0.123909995,0.14291
WTS,,,,,,5700.0,1.0,6.0,4.0,10.0,7.0,1.00725,0.00985,9.0,,338.55557,0.19569999,0.13976,0.18246001
ALLE,,,,,,13300.0,7.0,3.0,1.0,7.0,4.0,0.98421997,0.011510001,11.0,2.5,176.72726,0.2742,0.15829,0.36084
SITE,,,,,,7750.0,2.0,5.0,1.0,5.0,3.0,1.13896,0.01461,10.0,2.0,175.6,0.0,0.03226,0.09612001
TTC,,,,,,9227.0,2.0,4.0,4.0,7.0,5.0,0.93556,0.01656,4.0,,110.5,0.45810002,0.07276,0.22945999
AAON,,,,,,5897.0,3.0,3.0,1.0,6.0,3.0,0.9213,0.16877002,4.0,,122.75,0.3101,0.07461,0.12514
ESAB,,,,,,10300.0,6.0,2.0,3.0,3.0,2.0,0.97783,0.06426,9.0,1.44444,145.77779,0.092700005,0.079780005,0.12891
MWA,,,,,,3500.0,8.0,1.0,1.0,2.0,2.0,1.0259,0.01751,5.0,2.2,31.4,0.2134,0.13826999,0.21552
ZWS,,,,,,2600.0,1.0,4.0,9.0,6.0,6.0,0.91993,0.11748999,9.0,,55.33333,0.3393,0.11675,0.120620005
SPXC,,,,,,4700.0,4.0,1.0,1.0,4.0,2.0,0.96410006,0.031519998,12.0,1.25,260.41666,0.0,0.10772,0.13555999
KMX,,,,,,28000.0,3.0,5.0,8.0,2.0,4.0,1.0756401,0.00446,12.0,2.94444,40.41667,0.0,0.016449999,0.07459
FIVE,,,,,,7800.0,1.0,2.0,2.0,4.0,2.0,1.05908,0.02,22.0,1.8,261.0909,0.0,0.075279996,0.17924999
DKS,,,,,,31600.0,7.0,7.0,2.0,10.0,6.0,1.0432299,0.035889998,21.0,2.03846,234.7619,0.48650002,0.04933,0.19437
ASO,,,,,,10350.0,2.0,4.0,3.0,3.0,3.0,1.19969,0.01477,18.0,2.11111,58.0,0.0939,0.06224,0.18047
BOOT,,,,,,3300.0,3.0,5.0,5.0,4.0,4.0,1.20676,0.00449,14.0,1.375,237.14285,0.0,0.10097,0.18451001
WSM,,,,,,19800.0,7.0,4.0,9.0,3.0,6.0,0.97863996,0.01192,19.0,2.3913,204.52632,0.29860002,0.13942,0.51523995
RH,,,,,,,4.0,8.0,7.0,8.0,7.0,0.95278,0.18515,17.0,2.73684,160.5294,0.0,0.03628,
POOL,,,,,,6000.0,6.0,1.0,5.0,2.0,1.0,0.94073,0.11821,11.0,,266.0909,0.4562,0.07683,0.33058998
DECK,,,,,,5500.0,2.0,2.0,4.0,6.0,3.0,0.98246,0.00637,21.0,2.32,128.5238,0.0,0.19348,0.39688
YETI,,,,,,1390.0,3.0,4.0,2.0,8.0,4.0,1.19716,0.00641,15.0,2.0,50.6,0.0,0.08851,0.2379
GRMN,,,,,,23000.0,7.0,9.0,8.0,7.0,8.0,0.57786,0.14883,8.0,,260.25,0.4016,0.22964,0.19783
LULU,,,,,,39000.0,9.0,8.0,7.0,9.0,9.0,0.83349,0.04716,25.0,2.87879,183.8036,0.0,0.14224,0.34013
FOXF,,,,,,3700.0,3.0,3.0,9.0,7.0,7.0,1.02367,0.00857,6.0,,22.83333,0.0,-0.37113997,-0.58223
CROX,,,,,,8010.0,2.0,2.0,3.0,7.0,3.0,1.0012001,0.038110003,11.0,,102.90909,0.0,-0.0201,-0.0519
SIG,,,,,,27097.0,5.0,1.0,4.0,2.0,1.0,1.16871,0.03127,9.0,2.2,112.33333,0.1808,0.04321,0.15422
SHAK,,,,,,13873.0,10.0,7.0,8.0,8.0,8.0,1.0776,0.04859,25.0,2.03571,113.16,0.0,0.03164,0.094919994
WING,,,,,,345.0,6.0,1.0,2.0,5.0,2.0,1.32616,0.0089300005,30.0,1.51515,302.93332,0.18360001,0.25008,
TXRH,,,,,,101000.0,4.0,1.0,4.0,1.0,1.0,1.00493,0.0057200002,25.0,2.16667,197.64,0.4459,0.06899,0.29021
TROW,,,,,,7773.0,5.0,8.0,8.0,7.0,8.0,0.86272,0.0178,12.0,3.30769,99.08333,0.5498,0.28533,0.18791
BEN,,,,,,9900.0,10.0,6.0,7.0,4.0,7.0,0.48024,0.48398,11.0,3.0,27.27273,1.1944001,0.06972,0.04464
IVZ,,,,,,7499.0,9.0,4.0,2.0,4.0,4.0,0.94043,0.00686,11.0,2.25,29.68182,0.5646,-0.04417,-0.01219
SF,,,,,,8900.0,1.0,5.0,3.0,3.0,3.0,0.88835996,0.03071,8.0,2.25,92.45875,0.31350002,0.12452,0.11725
WBS,,,,,,4498.0,1.0,4.0,2.0,4.0,2.0,0.91982,0.00957,12.0,2.92857,74.41667,0.2712,0.37479,0.10767999
PB,,,,,,3941.0,2.0,7.0,2.0,9.0,5.0,0.81418,0.03963,14.0,2.4,77.78571,0.4091,0.43435,0.072119996
FNB,,,,,,4128.0,1.0,5.0,2.0,3.0,2.0,0.87035006,0.01492,8.0,1.375,20.0625,0.3077,0.33651,0.08652
EWBC,,,,,,3350.0,1.0,5.0,1.0,1.0,1.0,0.94803,0.0090499995,16.0,1.75,130.3125,0.2521,0.49135,0.15945
CMA,,,,,,,,,,,,,,,,,,,
HBAN,,,,,,20424.0,3.0,8.0,3.0,9.0,8.0,0.72288,0.00805,20.0,1.66667,20.125,0.44599998,0.28744,0.10095
ZION,,,,,,9195.0,4.0,4.0,2.0,1.0,2.0,0.82023,0.015,22.0,2.45455,65.40909,0.2928,0.27136,0.13515
CFR,,,,,,6008.0,2.0,3.0,2.0,2.0,2.0,0.88948,0.06106,15.0,2.93333,144.33333,0.3982,0.296,0.15311
IBKR,,,,,,3182.0,3.0,10.0,9.0,10.0,10.0,0.88947,0.02803,9.0,1.55556,80.66667,0.1363,0.15847999,0.23507999
SEIC,,,,,,4997.0,2.0,5.0,4.0,4.0,4.0,0.74534,0.16802,7.0,1.875,102.42857,0.17940001,0.31136,0.28957
ALLY,,,,,,10300.0,2.0,2.0,10.0,2.0,4.0,0.85130996,0.10186,17.0,1.66667,52.12353,0.50630003,0.11554,0.05796
LPLA,,,,,,10099.0,2.0,1.0,2.0,3.0,1.0,1.03406,0.00582,13.0,1.86667,443.53845,0.1099,0.05203,0.20858
HLNE,,,,,,760.0,4.0,10.0,10.0,10.0,10.0,0.98403,0.106000006,7.0,1.71429,168.57143,0.3761,0.30587998,0.31697
STEP,,,,,,1275.0,6.0,10.0,7.0,4.0,8.0,1.01237,0.05585,8.0,1.5,73.75,1.6721001,-0.30656,-0.65119004
CBSH,,,,,,4577.0,2.0,4.0,5.0,7.0,5.0,0.69241,0.023929998,8.0,2.75,59.375,0.2626,0.33082,0.1597
PNFP,,,,,,3709.0,2.0,5.0,3.0,1.0,2.0,0.47962,0.012920001,19.0,1.84211,113.60526,0.119899996,0.32957,0.09526
NOV,,,,,,31605.0,8.0,5.0,1.0,3.0,3.0,1.0608001,0.00885,20.0,2.47619,20.1,1.3077,0.01658,0.02369
OII,,,,,,11100.0,3.0,6.0,1.0,6.0,4.0,1.0331501,0.020450002,4.0,,31.5,0.0,0.12706,0.39373
HLX,,,,,,2212.0,5.0,2.0,2.0,5.0,2.0,0.8892,0.06784,4.0,2.0,11.75,0.0,0.02387,0.01989
CHX,,,,,,,,,,,,,,,,,,,
TRGP,,,,,,3570.0,4.0,8.0,4.0,9.0,9.0,0.95685995,0.01393,21.0,1.40909,257.33334,0.44169998,0.11293,0.51381
OVV,,,,,,1465.0,3.0,1.0,1.0,1.0,1.0,0.84946,0.0044299997,23.0,1.68,66.86957,0.25100002,0.14337,0.1154
AR,,,,,,632.0,6.0,5.0,5.0,7.0,5.0,0.87103,0.06629,21.0,1.61905,48.2381,0.0,0.12344,0.09035
RRC,,,,,,564.0,2.0,1.0,1.0,1.0,1.0,1.02593,0.01198,24.0,2.70833,45.08333,0.1314,0.22016001,0.15942
SM,,,,,,1241.0,2.0,3.0,2.0,1.0,1.0,0.48944,0.009330001,13.0,2.14286,35.19231,0.17729999,0.21406999,0.14325
CTRA,,,,,,1075.0,6.0,6.0,8.0,3.0,5.0,0.9647,0.01502,22.0,1.81818,37.31818,0.39290002,0.2456,0.12275
PTEN,,,,,,7900.0,3.0,1.0,1.0,3.0,1.0,1.14759,0.027560001,14.0,,9.0,2.1333,-0.0194,-0.02777
MTDR,,,,,,483.0,4.0,7.0,1.0,6.0,4.0,0.92946,0.07147,19.0,1.55,68.52632,0.2155,0.20763999,0.1503
CHRD,,,,,,676.0,2.0,1.0,1.0,1.0,1.0,0.96940005,0.00774,18.0,1.5,152.33333,7.027,0.0097,0.0053
DINO,,,,,,5165.0,5.0,1.0,3.0,1.0,1.0,0.90897006,0.07492,15.0,2.25,63.93333,0.6494,0.02155,0.06303
CLF,,,,,,25000.0,3.0,5.0,5.0,4.0,4.0,0.81515,0.0135699995,9.0,2.83333,12.41111,0.0,-0.07942,-0.21576999
ATI,,,,,,7600.0,1.0,3.0,1.0,6.0,2.0,0.95505,0.010299999,9.0,1.11111,161.44444,0.0,0.08813,0.21621999
CMC,,,,,,12690.0,2.0,2.0,2.0,4.0,2.0,0.94217,0.010290001,10.0,1.90909,78.1,0.1611,0.06024,0.12002
SON,,,,,,22000.0,3.0,5.0,3.0,2.0,2.0,0.88947,0.0103400005,9.0,1.90909,64.22222,0.35580003,0.13340001,0.19974001
SEE,,,,,,16100.0,5.0,1.0,3.0,1.0,1.0,0.96007,0.00265,5.0,2.57143,46.0,0.2676,0.09431,0.4739
HXL,,,,,,5563.0,2.0,3.0,4.0,2.0,2.0,1.17909,0.00897,15.0,2.35294,88.86667,0.4964,0.05776,0.07874
WOR,,,,,,3400.0,3.0,7.0,7.0,9.0,7.0,0.52693003,0.37888,5.0,2.25,65.4,2.1818,0.08422,0.11394
SLVM,,,,,,6500.0,4.0,2.0,3.0,1.0,1.0,1.02657,0.01129,4.0,1.66667,61.0,0.5556,0.039389998,0.14562
TROX,,,,,,5700.0,2.0,5.0,2.0,3.0,2.0,0.74184,0.25538,8.0,2.5,6.9375,0.1558,-0.16218,-0.29198
IOSP,,,,,,2450.0,1.0,3.0,3.0,7.0,4.0,1.00053,0.013350001,3.0,,99.33333,0.3662,0.06558,0.09149
CBT,,,,,,4064.0,3.0,1.0,4.0,5.0,3.0,1.01257,0.01329,5.0,,77.8,0.31120002,0.086219996,0.21825
NGVT,,,,,,1500.0,1.0,2.0,1.0,2.0,1.0,1.08624,0.00813,4.0,,79.25,0.0,-0.14310999,-1.3365899
AVNT,,,,,,9000.0,5.0,1.0,4.0,7.0,4.0,1.034,0.008119999,7.0,,48.57143,1.2162,0.025120001,0.03545
KWR,,,,,,4700.0,2.0,5.0,3.0,5.0,4.0,0.93554,0.21926,4.0,,183.0,0.3561,-0.00132,-0.00176
STLD,,,,,,14400.0,3.0,6.0,5.0,3.0,4.0,0.8657,0.06567,11.0,1.81818,188.24818,0.25030002,0.06523,0.13284001
RS,,,,,,15700.0,5.0,3.0,2.0,1.0,1.0,0.84559995,0.00426,8.0,2.5,326.75,0.3433,0.05173,0.10293
RPM,,,,,,17800.0,3.0,4.0,3.0,6.0,4.0,0.83609,0.01286,14.0,1.42857,126.57143,0.39880002,0.087919995,0.22830999
FMC,,,,,,5500.0,2.0,4.0,10.0,3.0,6.0,0.89886004,0.00874,17.0,2.55556,16.64706,2.2308,-0.6457,-0.66613
CELH,,,,,,1497.0,8.0,7.0,4.0,2.0,4.0,0.64645,0.28441,20.0,1.54545,67.45,0.0,0.042940002,0.05185
FLO,,,,,,10300.0,3.0,4.0,1.0,1.0,1.0,0.84195,0.079730004,6.0,2.83333,10.33333,2.4563,0.01595,0.06178
INGR,,,,,,11200.0,6.0,4.0,1.0,3.0,2.0,0.97088,0.00856,7.0,,127.42857,0.2898,0.10098,0.18101
SPB,,,,,,3000.0,4.0,4.0,2.0,2.0,2.0,1.16437,0.04442,7.0,2.0,85.28571,0.44439998,0.03762,0.053460002
IPAR,,,,,,662.0,10.0,10.0,9.0,4.0,10.0,0.64339995,0.43635,5.0,1.4,111.2,0.6107,0.113120005,0.2034
ELF,,,,,,633.0,3.0,6.0,5.0,8.0,6.0,1.02639,0.02241,15.0,1.70588,107.0,0.0,-0.0023100001,-0.00291
FRPT,,,,,,1288.0,7.0,2.0,4.0,1.0,2.0,1.19644,0.02317,16.0,1.66667,86.0,0.0,0.12626,0.12291
SJM,,,,,,8000.0,5.0,4.0,7.0,8.0,7.0,0.95063,0.02232,15.0,2.26316,122.86667,0.8606,-0.14068,-0.20683001
CASY,,,,,,23338.0,2.0,2.0,1.0,2.0,1.0,0.89596003,0.00471,16.0,1.78947,739.0,0.1269,0.03828,0.17882
USFD,,,,,,30000.0,2.0,2.0,3.0,2.0,2.0,1.07331,0.0051200003,15.0,1.5625,109.53333,0.0,0.01715,0.15303001
POST,,,,,,13180.0,4.0,5.0,3.0,3.0,3.0,1.01109,0.14567,7.0,1.57143,127.0,0.0,0.03819,0.08672
HRL,,,,,,20000.0,9.0,3.0,7.0,7.0,7.0,0.92016,0.00463,8.0,,27.625,1.3061999,0.0403,0.061160002
NRG,,,,,,16702.0,4.0,4.0,3.0,5.0,3.0,0.86292,0.044320002,17.0,1.64706,201.94118,0.4389,0.02813,0.41548002
OGE,,,,,,2248.0,5.0,5.0,3.0,3.0,3.0,0.8024,0.00429,11.0,2.76923,48.22727,0.7295,0.14438,0.09788
PNW,,,,,,6610.0,6.0,8.0,6.0,6.0,7.0,1.04118,0.00281,13.0,2.58824,103.61538,0.7119,0.11545999,0.09059
ATO,,,,,,5487.0,9.0,7.0,6.0,7.0,7.0,0.9981,0.00398,10.0,2.76923,183.3,0.4707,0.25667998,0.09237
EVRG,,,,,,4691.0,7.0,3.0,1.0,4.0,2.0,0.9413,0.00184,11.0,2.07692,88.04545,0.737,0.14352,0.08569
AES,,,,,,8336.0,10.0,8.0,8.0,4.0,8.0,0.8806,0.0053399997,9.0,2.63636,15.33333,0.5373,0.07439,0.01954
MDU,,,,,,2096.0,3.0,1.0,3.0,1.0,1.0,0.97393,0.00458,6.0,,22.0,0.5806,0.10154,0.07007
AVA,,,,,,,1.0,3.0,1.0,3.0,1.0,0.88386,0.00873,6.0,2.85714,40.66667,0.8235,0.09827,0.07283
CMS,,,,,,8350.0,3.0,6.0,1.0,4.0,3.0,0.97826,0.0057,13.0,2.25,79.76923,0.6156,0.12542,0.108559996
DTE,,,,,,9650.0,7.0,8.0,3.0,3.0,5.0,0.79219,0.00402,13.0,1.94118,155.03847,0.6309,0.09245,0.12177
WEC,,,,,,7151.0,5.0,5.0,3.0,4.0,3.0,0.84558,0.0015199999,17.0,2.31579,123.08824,0.7422,0.15893,0.11576
INVH,,,,,,1725.0,3.0,1.0,9.0,8.0,5.0,1.0481,0.00327,21.0,2.25,31.0,1.2188,0.21632999,0.060939997
ELS,,,,,,3700.0,9.0,5.0,3.0,5.0,5.0,1.12744,0.0075700004,18.0,1.88889,69.86111,1.0249,0.25131,0.22099
AMH,,,,,,1598.0,1.0,1.0,2.0,3.0,1.0,0.92764,0.07783,20.0,2.26087,34.475,1.0169001,0.24482,0.066
SUI,,,,,,3607.0,9.0,4.0,1.0,5.0,4.0,1.0167099,0.01186,18.0,1.83333,143.38889,4.5282,0.59221,8.0000005e-05
KRC,,,,,,241.0,6.0,2.0,5.0,6.0,4.0,1.30853,0.012209999,14.0,2.94118,35.85714,0.931,0.24816,0.05382
HIW,,,,,,315.0,3.0,2.0,2.0,7.0,3.0,1.02872,0.01312,9.0,2.6,26.33333,1.3792999,0.19742,0.06684
NNN,,,,,,85.0,1.0,1.0,1.0,1.0,1.0,0.94284,0.00866,15.0,2.88235,45.23333,1.1401,0.42083,0.088879995
STAG,,,,,,93.0,3.0,1.0,1.0,4.0,1.0,0.93203,0.0013,11.0,2.54545,41.54545,1.0206,0.32362,0.07757
CUBE,,,,,,3121.0,2.0,1.0,2.0,5.0,2.0,0.98914003,0.00847,15.0,2.41176,42.53333,1.4315,0.29654,0.11552
REXR,,,,,,256.0,2.0,1.0,6.0,6.0,3.0,1.1011,0.00358,16.0,2.52941,41.25,2.0,0.21136999,0.025020001
LAMR,,,,,,3500.0,9.0,9.0,5.0,10.0,10.0,0.99199,0.02201,5.0,,139.8,1.0745,0.25907,0.57224
IART,,,,,,4427.0,2.0,3.0,2.0,1.0,1.0,0.98027,0.13932,7.0,2.9,15.57143,0.0,-0.31584,-0.39902002
ZI,,,,,,,,,,,,,,,,,,,
MTCH,,,,,,2200.0,2.0,2.0,3.0,3.0,2.0,1.1033,0.00685,17.0,,36.47059,0.3193,0.17591,
MSGS,,,,,,514.0,4.0,10.0,6.0,10.0,10.0,0.95203,0.037639998,5.0,,348.6,0.0,-0.01546,
TTWO,,,,,,12928.0,4.0,8.0,2.0,4.0,4.0,0.95761,0.01364,28.0,1.25,276.8107,0.0,-0.60449004,-0.86217004
EA,,,,,,14500.0,8.0,4.0,4.0,1.0,2.0,0.95172995,0.00207,17.0,2.80952,205.58824,0.2846,0.09307,0.10027
LYV,,,,,,17700.0,10.0,9.0,8.0,9.0,9.0,0.83384,0.32626,23.0,1.43478,183.52174,0.0,0.01968,0.36701
WMG,,,,,,5500.0,4.0,8.0,8.0,10.0,9.0,1.05653,0.0074199997,17.0,1.64706,36.05882,1.2982001,0.044320002,0.39843
AAPL,,,,,,150000.0,2.0,1.0,7.0,1.0,1.0,0.65296996,0.01641,40.0,1.89583,295.07126,0.1304,0.27037,1.5202099
MSFT,,,,,,228000.0,9.0,7.0,5.0,2.0,5.0,0.75951,0.0008,54.0,1.27586,587.3139,0.21280001,0.39044,0.34390998
GOOGL,,,,,,190820.0,7.0,8.0,10.0,10.0,10.0,0.80776,0.0058,56.0,1.35821,376.28964,0.076799996,0.32810003,0.35705003
AMZN,,,,,,1576000.0,2.0,8.0,10.0,3.0,9.0,0.67252,0.09085,64.0,1.33824,281.27344,0.0,0.108339995,0.22286
NVDA,,,,,,42000.0,5.0,9.0,4.0,8.0,8.0,0.69727,0.04212,56.0,1.28333,268.22195,0.0082,0.55603004,1.01485
JNJ,,,,,,138200.0,4.0,8.0,4.0,3.0,4.0,0.75687,0.00061,24.0,2.12,241.08333,0.466,0.28456,0.35029998
JPM,,,,,,318512.0,10.0,6.0,4.0,3.0,5.0,0.74972,0.00412,24.0,2.14815,337.75,0.2897,0.3391,0.16134001
XOM,,,,,,57900.0,9.0,6.0,9.0,1.0,7.0,0.67434996,0.00095,24.0,2.34615,160.16667,0.597,0.089049995,0.110810004
PG,,,,,,109000.0,7.0,5.0,1.0,5.0,3.0,0.70378995,0.00075,22.0,2.08333,166.95454,0.6188,0.19299999,0.31562
UNH,,,,,,390000.0,10.0,6.0,9.0,1.0,8.0,0.84239,0.00828,26.0,1.7931,357.80768,0.65989995,0.02694,0.12538
CAT,,,,,,118000.0,4.0,5.0,3.0,5.0,4.0,0.72585,0.00225,26.0,2.13793,742.17535,0.3105,0.13144,0.43526
NEE,,,,,,17400.0,4.0,5.0,8.0,3.0,5.0,0.84594,0.0012800001,22.0,1.91667,94.61182,0.6867,0.24934,0.083739996
KO,,,,,,65900.0,4.0,8.0,1.0,4.0,3.0,0.66656,0.098900005,23.0,1.70833,83.53826,0.6711,0.2734,0.43323
CVX,,,,,,43039.0,8.0,4.0,2.0,2.0,2.0,0.67906,0.066020004,24.0,2.0,203.0,1.0317,0.06661,0.07231
HON,,,,,,101000.0,1.0,4.0,1.0,3.0,1.0,0.80801004,0.00085,24.0,2.03846,252.06125,0.65989995,0.1263,0.26136
BRK-B,,,,,,387800.0,10.0,10.0,8.0,10.0,10.0,0.66137004,0.0027599998,3.0,,523.0,0.0,0.18029,0.09809
META,,,,,,78865.0,9.0,10.0,10.0,10.0,10.0,0.78682,0.00091,60.0,1.34328,860.246,0.08939999,0.30084,0.30238
AVGO,,,,,,33000.0,3.0,2.0,10.0,3.0,8.0,0.79480004,0.01968,44.0,1.22449,471.5531,0.47169998,0.36571997,0.33370999
ADBE,,,,,,31360.0,1.0,5.0,9.0,1.0,6.0,0.8847,0.0025,34.0,2.41026,328.18823,0.0,0.29477,0.58774
CRM,,,,,,83334.0,2.0,8.0,9.0,2.0,6.0,0.85011,0.02684,52.0,1.64706,273.0604,0.2133,0.17958,0.123959996
CSCO,,,,,,86200.0,6.0,6.0,8.0,1.0,3.0,0.81922996,0.00064000004,22.0,1.81481,89.04455,0.5899,0.18756,0.23754999
INTC,,,,,,85100.0,8.0,2.0,9.0,2.0,6.0,0.61694,0.12966,41.0,2.8125,47.11098,0.0,-0.00505,0.00022
AMD,,,,,,31000.0,7.0,4.0,9.0,3.0,6.0,0.72233003,0.00441,46.0,1.57143,289.6087,0.0,0.12515001,0.07082
ORCL,,,,,,162000.0,1.0,10.0,10.0,5.0,9.0,0.44259998,0.40549,39.0,1.61364,246.45872,0.35909998,0.25298,0.57572
LLY,,,,,,50000.0,8.0,6.0,6.0,9.0,8.0,0.84577006,0.0017,29.0,1.70968,1209.2069,0.26139998,0.31667,1.01159
ABBV,,,,,,57000.0,7.0,4.0,2.0,9.0,7.0,0.76402,0.00117,29.0,1.83871,249.13792,2.7679,0.0691,62.25
MRK,,,,,,73000.0,6.0,5.0,4.0,2.0,3.0,0.81304,0.00064000004,27.0,1.82759,128.59259,0.45049998,0.28078,0.36882
PFE,,,,,,75000.0,10.0,7.0,10.0,1.0,9.0,0.67771006,0.00098,26.0,2.5,28.57962,1.2647,0.124180004,0.08886
TMO,,,,,,125000.0,1.0,7.0,10.0,1.0,8.0,0.95461,0.0017,25.0,1.42857,661.4,0.096999995,0.15045999,0.13024001
BAC,,,,,,213000.0,7.0,5.0,8.0,2.0,4.0,0.71522003,0.07359,25.0,1.48148,61.06,0.28350002,0.28401,0.10217
WFC,,,,,,205000.0,5.0,7.0,1.0,6.0,5.0,0.7959,0.0010800001,25.0,1.85185,99.3,0.2716,0.26659,0.11732
GS,,,,,,47400.0,6.0,5.0,10.0,6.0,9.0,0.76083,0.0053100004,20.0,2.5,953.25,0.2728,0.28917998,0.13861
MS,,,,,,83000.0,5.0,6.0,8.0,6.0,7.0,0.62723,0.23975,21.0,2.36,192.57143,0.3771,0.23986,0.15614
BLK,,,,,,24900.0,3.0,6.0,8.0,1.0,3.0,0.82525,0.0197,16.0,1.52941,1289.625,0.5902,0.22930999,0.107159995
WMT,,,,,,2100000.0,6.0,8.0,6.0,1.0,2.0,0.38778,0.44935,41.0,1.44186,136.02438,0.3443,0.0307,0.21847
HD,,,,,,472400.0,3.0,4.0,3.0,1.0,1.0,0.74461997,0.00071000005,33.0,1.91892,408.18182,0.6465,0.08596,1.45541
MCD,,,,,,150000.0,6.0,4.0,2.0,6.0,4.0,0.75526,0.00252,33.0,2.13514,344.84848,0.6,0.3185,
NKE,,,,,,77800.0,9.0,10.0,7.0,10.0,9.0,0.82934,0.01451,33.0,2.15385,65.45758,1.0658001,0.04836,0.16016
COST,,,,,,341000.0,6.0,2.0,4.0,1.0,1.0,0.72567004,0.00169,32.0,1.94595,1067.5938,0.27040002,0.029860001,0.29650998
RTX,,,,,,180000.0,9.0,6.0,1.0,2.0,2.0,0.80922997,0.00072999997,22.0,2.17391,216.33682,0.53830004,0.07598,0.109519996
LMT,,,,,,123000.0,2.0,7.0,2.0,7.0,5.0,0.74948,0.00091,20.0,2.59091,665.65,0.62119997,0.06685,0.76865
GE,,,,,,57000.0,9.0,7.0,10.0,2.0,9.0,0.81068003,0.00308,20.0,1.47619,355.65,0.17889999,0.18982,0.44692
DE,,,,,,73100.0,7.0,5.0,4.0,6.0,6.0,0.83057,0.00166,23.0,2.24,664.01263,0.3655,0.10302,0.19566
NFLX,,,,,,16000.0,10.0,9.0,7.0,4.0,8.0,0.83815,0.0058999998,45.0,1.76471,113.42911,0.0,0.24304001,0.42762002
DIS,,,,,,175560.0,5.0,1.0,7.0,4.0,2.0,0.77289003,0.00077,29.0,1.54839,128.73448,0.1841,0.128,0.12024
PAGEIND.NS,,,,,,20658.0,10.0,8.0,1.0,1.0,6.0,0.40171,0.46675,26.0,2.76923,37987.58,0.9306,0.14711,
RELAXO.NS,,,,,,7355.0,,,,,,0.119049996,0.7133,10.0,,402.3,0.44509998,0.06342,
WELSPUNIND.NS,,,,,,,,,,,,,,,,,,,
ARVIND.NS,,,,,,25833.0,,,,,,0.31223,0.41990003,6.0,1.0,444.16666,0.24270001,0.04518,
TRENT.NS,,,,,,27887.0,5.0,6.0,2.0,1.0,3.0,0.28735,0.41904,25.0,2.0,4621.6,0.1086,0.08501001,
DIXON.NS,,,,,,1567.0,,,,,,0.38161,0.38262,28.0,2.32143,12674.036,0.0291,0.03254,
BATAINDIA.NS,,,,,,3961.0,7.0,2.0,5.0,8.0,2.0,0.30896,0.50481,16.0,,868.375,0.64980006,0.05118,
VMART.NS,,,,,,10912.0,,,,,,0.34554002,0.52002996,16.0,1.13333,849.9375,0.0,0.03647,
RAJESHEXPO.NS,,,,,,112.0,,,,,,0.16306,0.67819,,,,0.0,0.00023,
JUBLFOOD.NS,,,,,,25780.0,,,,,,0.40619,0.40756,29.0,2.0,635.86206,0.2474,0.0434,
DEVYANI.NS,,,,,,14802.0,,,,,,0.19503,0.64237,23.0,1.78261,158.73914,0.0,-0.00804,
SAPPHIRE.NS,,,,,,13494.0,,,,,,0.61592996,0.27659,22.0,2.04545,284.45456,0.0,-0.00577,
LAURUSLABS.NS,,,,,,6167.0,,,,,,0.43405998,0.32156,14.0,2.85714,966.3571,0.1025,0.12546,
AJANTPHARM.NS,,,,,,9628.0,,,,,,0.21611,0.66384006,12.0,,3207.5833,0.3448,0.19504999,
GLENMARK.NS,,,,,,15800.0,2.0,7.0,9.0,1.0,8.0,0.26610002,0.48964,12.0,,2221.0,0.1325,0.06451,
TORNTPHARM.NS,,,,,,17059.0,2.0,4.0,5.0,10.0,4.0,0.14887999,0.71130997,29.0,1.72414,4526.8276,0.4768,0.17833,
ALKEM.NS,,,,,,18785.0,10.0,9.0,5.0,1.0,8.0,0.24975,0.62908,21.0,,5911.2856,0.22690001,0.16636999,
IPCALAB.NS,,,,,,16778.0,,,,,,0.46652,0.45082,18.0,,1655.3334,0.0558,0.09571,
NATCOPHARM.NS,,,,,,4199.0,,,,,,0.12486,0.51047003,11.0,,987.36365,0.0575,0.3413,
AUROPHARMA.NS,,,,,,27707.0,9.0,3.0,3.0,1.0,2.0,0.28806,0.54196,27.0,1.84615,1366.0741,0.066599995,0.10509,
BIOCON.NS,,,,,,,3.0,2.0,9.0,1.0,3.0,0.24791999,0.54073,19.0,2.21053,420.73685,0.1025,0.03591,
SYNGENE.NS,,,,,,6533.0,,,,,,0.37037998,0.53088003,8.0,2.25,618.75,0.143,0.09465,
LALPATHLAB.NS,,,,,,4980.0,,,,,,0.31611001,0.54912,25.0,2.0,1675.04,0.3952,0.19840999,
METROPOLIS.NS,,,,,,4823.0,,,,,,0.44067,0.48866,18.0,1.88889,561.125,0.1236,0.10741,
GRANULES.NS,,,,,,4066.0,,,,,,0.21845,0.39312,7.0,1.57143,669.1429,0.066700004,0.10712,
SUVENPHAR.NS,,,,,,,,,,,,,,,,,,,
PERSISTENT.NS,,,,,,22205.0,,,,,,0.43476,0.31976,34.0,2.35294,5934.0,0.3161,0.12427,0.24966998
LTTS.NS,,,,,,21028.0,,,,,,0.1437,0.73905,30.0,2.93333,3962.1333,0.4723,0.10705,
CYIENT.NS,,,,,,11884.0,4.0,5.0,10.0,1.0,9.0,0.50009996,0.23662001,21.0,2.42857,1141.6666,0.61259997,0.07496,
MPHASIS.NS,,,,,,30157.0,3.0,1.0,8.0,1.0,1.0,0.52804,0.31239,36.0,2.02778,2754.0278,0.6046,0.11725,0.18705
COFORGE.NS,,,,,,25620.0,,,,,,0.68487,0.00829,32.0,1.83871,1723.9375,0.4662,0.07888,
TATAELXSI.NS,,,,,,11973.0,2.0,3.0,6.0,7.0,4.0,0.14926,0.44908002,15.0,3.8,4641.467,0.80480003,0.15675001,
ROUTE.NS,,,,,,520.0,,,,,,0.072119996,0.74858004,4.0,2.0,766.25,0.3721,0.041840002,
BSOFT.NS,,,,,,10882.0,,,,,,0.30297002,0.40980998,14.0,2.5,411.42856,0.39060003,0.087869994,
HAPPSTMNDS.NS,,,,,,6548.0,,,,,,0.11179,0.46174,8.0,1.375,522.75,0.50810003,0.08222,0.116969995
MASTEK.NS,,,,,,4332.0,,,,,,0.23809999,0.49251,4.0,1.5,2190.5,0.1891,0.103360005,
KPITTECH.NS,,,,,,12873.0,,,,,,0.2751,0.45436,20.0,2.05,987.2,0.32369998,0.114630006,
NEWGEN.NS,,,,,,4040.0,,,,,,0.106400006,0.63458997,6.0,1.66667,845.0,0.23709999,0.19503,
DABUR.NS,,,,,,5341.0,1.0,6.0,10.0,1.0,7.0,0.22801,0.67647004,38.0,2.59459,544.2105,0.77,0.14220999,
MARICO.NS,,,,,,1908.0,5.0,6.0,6.0,1.0,4.0,0.24655001,0.59062,37.0,1.60526,856.6486,0.7943,0.13177,
GODREJCP.NS,,,,,,2962.0,6.0,2.0,6.0,7.0,3.0,0.19719,0.64057,36.0,1.55556,1363.1945,1.123,0.119969994,
EMAMILTD.NS,,,,,,3217.0,,,,,,0.30871,0.5697,23.0,1.43478,630.4783,0.5495,0.20806,
COLPAL.NS,,,,,,2198.0,5.0,5.0,1.0,4.0,2.0,0.21504,0.51429003,28.0,3.10714,2226.3928,1.0451,0.22483,
TATACONSUM.NS,,,,,,10595.0,3.0,3.0,7.0,7.0,4.0,0.33398998,0.34388,28.0,2.07143,1309.0714,0.5563,0.07542,
ZYDUSWELL.NS,,,,,,1247.0,,,,,,0.19808,0.69845,8.0,1.33333,515.95,0.1842,0.061100002,
JYOTHYLAB.NS,,,,,,3035.0,,,,,,0.17489,0.68869,11.0,1.63636,295.0909,0.3759,0.11721,
BIKAJI.NS,,,,,,2589.0,,,,,,0.18047,0.73877996,10.0,1.1,814.9,0.1016,0.08538,
HONASA.NS,,,,,,923.0,,,,,,0.48277,0.38702,13.0,2.46154,370.92307,0.0,0.06865,
SRF.NS,,,,,,7625.0,8.0,8.0,1.0,4.0,5.0,0.28191,0.52202,29.0,,3114.862,0.1266,0.1149,
UPL.NS,,,,,,12000.0,10.0,2.0,5.0,1.0,3.0,0.35658002,0.33568,17.0,,820.5294,0.2865,0.0358,
AARTIIND.NS,,,,,,5868.0,,,,,,0.22237,0.42528,21.0,,499.9524,0.096099995,0.047059998,
PIDILITIND.NS,,,,,,8153.0,6.0,6.0,9.0,1.0,8.0,0.15939,0.69454,18.0,2.11111,1632.3334,0.4449,0.16188,
DEEPAKNTR.NS,,,,,,1757.0,,,,,,0.24759,0.49824002,18.0,,1748.5555,0.1919,0.067090005,
NAVINFLUOR.NS,,,,,,,,,,,,0.39653,0.29404,26.0,,6981.269,0.1249,0.1774,
CLEAN.NS,,,,,,458.0,,,,,,0.20903,0.54885,13.0,,997.9231,0.2599,0.25281,
ATUL.NS,,,,,,3365.0,,,,,,0.28606,0.48098,10.0,,7343.7,0.123900004,0.09814,
FINEORG.NS,,,,,,869.0,,,,,,0.13351,0.74998003,10.0,,4915.9,0.085,0.16900998,
SUDARSCHEM.NS,,,,,,1350.0,,,,,,0.27549,0.40442002,6.0,,1218.6666,0.6618,-0.0072399997,
ANANTRAJ.NS,,,,,,,,,,,,0.10644,0.64778,3.0,,721.0,0.0481,0.21916,
GALAXYSURF.NS,,,,,,1785.0,,,,,,0.15762,0.72649,12.0,,2354.0833,0.2778,0.0553,
ABB.NS,,,,,,,9.0,3.0,2.0,8.0,3.0,0.12071,0.75318,26.0,2.69231,6025.885,0.5493,0.12636,0.22391
CUMMINSIND.NS,,,,,,3025.0,7.0,4.0,5.0,8.0,4.0,0.27227,0.51273,23.0,2.34783,4659.1304,0.6368,0.19322,
THERMAX.NS,,,,,,5601.0,4.0,2.0,10.0,4.0,4.0,0.20944999,0.73678,20.0,2.4,3414.05,0.2313,0.066,
SCHAEFFLER.NS,,,,,,,,,,,,0.17377001,0.74300003,7.0,1.85714,4787.143,0.3804,0.118769996,0.20212999
HONAUT.NS,,,,,,3140.0,,,,,,0.13535,0.75,5.0,,36163.4,0.1838,0.10945,
GRINDWELL.NS,,,,,,2429.0,,,,,,0.20773001,0.58033,3.0,2.0,1756.3334,0.48380002,0.13231,
AIAENG.NS,,,,,,1306.0,,,,,,0.33554,0.58537,11.0,2.72727,3914.6365,0.1285,0.26959,
ELGIEQUIP.NS,,,,,,2138.0,,,,,,0.17789,0.46607,3.0,,604.0,0.1721,0.10553,
TIINDIA.NS,,,,,,3219.0,,,,,,0.33492002,0.44044,6.0,,3175.0,0.113299996,0.028169999,
KAYNES.NS,,,,,,,,,,,,0.20469,0.55052,21.0,2.14286,4553.7144,0.0,0.115389995,
MOTHERSON.NS,,,,,,,4.0,3.0,10.0,1.0,6.0,0.25982,0.58284,23.0,,140.69565,0.1751,0.028299998,
BALKRISIND.NS,,,,,,3758.0,9.0,9.0,1.0,7.0,6.0,0.30794,0.58559,18.0,,2348.2778,0.2357,0.1233,
ENDURANCE.NS,,,,,,4370.0,,,,,,0.20501,0.75001,15.0,1.66667,2920.4666,0.1528,0.06831,
EXIDEIND.NS,,,,,,5133.0,,,,,,0.23233,0.50319,14.0,2.92857,379.35715,0.2058,0.04693,
SUNDRMFAST.NS,,,,,,3185.0,,,,,,0.29653,0.49581,3.0,,1104.3334,0.3015,0.09047,
SUPRAJIT.NS,,,,,,2188.0,,,,,,0.21864,0.50413,7.0,,520.8571,0.2967,0.037920002,
CRAFTSMAN.NS,,,,,,2893.0,,,,,,0.34638,0.50259,7.0,1.625,8489.429,0.0356,0.04404,
GABRIEL.NS,,,,,,3160.0,,,,,,0.19474001,0.55991,4.0,,1184.25,0.2643,0.05519,
CHOLAFIN.NS,,,,,,45194.0,,,,,,0.35292,0.4932,34.0,1.82353,1797.0294,0.0348,0.39054,
MUTHOOTFIN.NS,,,,,,31565.0,6.0,6.0,8.0,1.0,6.0,0.15987,0.73350996,21.0,2.28571,4102.2856,0.1197,0.51138,0.26691
MANAPPURAM.NS,,,,,,24650.0,,,,,,0.27711,0.36485,14.0,2.57143,305.85715,0.53220004,0.115880005,
IIFL.NS,,,,,,14782.0,,,,,,0.24257,0.47174,4.0,1.5,657.5,0.0,0.19416,
CANFINHOME.NS,,,,,,1108.0,,,,,,0.30856,0.38689998,14.0,1.57143,1067.7142,0.1777,0.63762003,
ABCAPITAL.NS,,,,,,66340.0,,,,,,0.10742,0.73573995,12.0,1.16667,406.41666,0.0,0.11071999,
MASFIN.NS,,,,,,1758.0,,,,,,0.16580999,0.45526,6.0,1.0,400.0,0.088,0.37772998,
POONAWALLA.NS,,,,,,3594.0,,,,,,0.16896,0.68050003,8.0,2.375,511.375,0.0,0.13795,
OBEROIRLTY.NS,,,,,,1470.0,8.0,8.0,8.0,8.0,10.0,0.24228,0.67705,25.0,2.16,1754.24,0.13,0.4136,
GODREJPROP.NS,,,,,,4199.0,3.0,2.0,7.0,1.0,3.0,0.24055,0.53089,23.0,1.65217,2265.0435,0.0,0.41695,
PRESTIGE.NS,,,,,,9014.0,8.0,6.0,2.0,4.0,4.0,0.28119,0.6353,23.0,1.45455,1885.4348,0.0802,0.095699996,0.06322
BRIGADE.NS,,,,,,3043.0,,,,,,0.34612998,0.46723,14.0,1.21429,1033.6428,0.08180001,0.13083,
